Index Name,Date,Open,High,Low,Close
NIFTY BHARAT BOND INDEX - APRIL 2031,20 Mar 2026,1428.66,1428.7,1428.43,1428.43
NIFTY BHARAT BOND INDEX - APRIL 2031,19 Mar 2026,1428.66,1428.67,1428.39,1428.39
NIFTY BHARAT BOND INDEX - APRIL 2031,18 Mar 2026,1426.73,1428.12,1426.73,1428.12
NIFTY BHARAT BOND INDEX - APRIL 2031,17 Mar 2026,1426.53,1426.63,1426.47,1426.47
NIFTY BHARAT BOND INDEX - APRIL 2031,16 Mar 2026,1429.31,1429.38,1426.27,1426.27
NIFTY BHARAT BOND INDEX - APRIL 2031,13 Mar 2026,1429.22,1429.23,1428.5,1428.5
NIFTY BHARAT BOND INDEX - APRIL 2031,12 Mar 2026,1430.58,1430.59,1428.95,1428.95
NIFTY BHARAT BOND INDEX - APRIL 2031,11 Mar 2026,1429.91,1430.32,1429.91,1430.32
NIFTY BHARAT BOND INDEX - APRIL 2031,10 Mar 2026,1430.38,1430.38,1429.65,1429.65
NIFTY BHARAT BOND INDEX - APRIL 2031,09 Mar 2026,1431.41,1431.42,1430.11,1430.11
NIFTY BHARAT BOND INDEX - APRIL 2031,06 Mar 2026,1429.97,1430.6,1429.97,1430.6
NIFTY BHARAT BOND INDEX - APRIL 2031,05 Mar 2026,1429.61,1429.71,1429.61,1429.71
NIFTY BHARAT BOND INDEX - APRIL 2031,04 Mar 2026,1431.72,1431.72,1429.35,1429.35
NIFTY BHARAT BOND INDEX - APRIL 2031,02 Mar 2026,1431.17,1431.18,1431.17,1431.18
NIFTY BHARAT BOND INDEX - APRIL 2031,27 Feb 2026,1432.52,1432.52,1430.36,1430.36
NIFTY BHARAT BOND INDEX - APRIL 2031,26 Feb 2026,1430.74,1432.26,1430.74,1432.26
NIFTY BHARAT BOND INDEX - APRIL 2031,25 Feb 2026,1431.38,1431.64,1430.47,1430.47
NIFTY BHARAT BOND INDEX - APRIL 2031,24 Feb 2026,1431.23,1431.24,1431.12,1431.12
NIFTY BHARAT BOND INDEX - APRIL 2031,23 Feb 2026,1430.95,1430.97,1430.95,1430.97
NIFTY BHARAT BOND INDEX - APRIL 2031,20 Feb 2026,1429.86,1430.19,1429.86,1430.14
NIFTY BHARAT BOND INDEX - APRIL 2031,19 Feb 2026,1429.86,1429.87,1429.6,1429.6
NIFTY BHARAT BOND INDEX - APRIL 2031,18 Feb 2026,1430.17,1430.44,1429.33,1429.33
NIFTY BHARAT BOND INDEX - APRIL 2031,17 Feb 2026,1429.69,1429.91,1429.69,1429.91
NIFTY BHARAT BOND INDEX - APRIL 2031,16 Feb 2026,1429.12,1429.43,1429.12,1429.43
NIFTY BHARAT BOND INDEX - APRIL 2031,13 Feb 2026,1425.05,1428.31,1425.05,1428.31
NIFTY BHARAT BOND INDEX - APRIL 2031,12 Feb 2026,1423.39,1424.79,1423.39,1424.79
NIFTY BHARAT BOND INDEX - APRIL 2031,11 Feb 2026,1422.57,1423.12,1422.57,1423.12
NIFTY BHARAT BOND INDEX - APRIL 2031,10 Feb 2026,1423.17,1423.18,1422.3,1422.3
NIFTY BHARAT BOND INDEX - APRIL 2031,09 Feb 2026,1424.11,1424.11,1422.91,1422.91
NIFTY BHARAT BOND INDEX - APRIL 2031,06 Feb 2026,1426.3,1426.3,1423.3,1423.3
NIFTY BHARAT BOND INDEX - APRIL 2031,05 Feb 2026,1423.59,1426.04,1423.59,1426.04
NIFTY BHARAT BOND INDEX - APRIL 2031,04 Feb 2026,1420.4,1423.33,1420.4,1423.33
NIFTY BHARAT BOND INDEX - APRIL 2031,03 Feb 2026,1418.46,1420.14,1418.46,1420.14
NIFTY BHARAT BOND INDEX - APRIL 2031,02 Feb 2026,1418.18,1418.2,1418.18,1418.2
NIFTY BHARAT BOND INDEX - APRIL 2031,01 Feb 2026,1418.18,1418.19,1417.92,1417.92
NIFTY BHARAT BOND INDEX - APRIL 2031,30 Jan 2026,1416.22,1417.37,1416.19,1417.37
NIFTY BHARAT BOND INDEX - APRIL 2031,29 Jan 2026,1416.34,1416.35,1415.96,1415.96
NIFTY BHARAT BOND INDEX - APRIL 2031,28 Jan 2026,1417.99,1417.99,1416.08,1416.08
NIFTY BHARAT BOND INDEX - APRIL 2031,27 Jan 2026,1417.17,1417.73,1416.99,1417.73
NIFTY BHARAT BOND INDEX - APRIL 2031,23 Jan 2026,1415.78,1416.09,1415.78,1416.09
NIFTY BHARAT BOND INDEX - APRIL 2031,22 Jan 2026,1414.65,1415.52,1414.65,1415.52
NIFTY BHARAT BOND INDEX - APRIL 2031,21 Jan 2026,1414.3,1414.39,1414.3,1414.39
NIFTY BHARAT BOND INDEX - APRIL 2031,20 Jan 2026,1415.88,1416.63,1414.04,1414.04
NIFTY BHARAT BOND INDEX - APRIL 2031,19 Jan 2026,1415.93,1415.94,1415.62,1415.62
NIFTY BHARAT BOND INDEX - APRIL 2031,16 Jan 2026,1419.7,1419.71,1415.12,1415.12
NIFTY BHARAT BOND INDEX - APRIL 2031,14 Jan 2026,1423.02,1423.02,1419.17,1419.17
NIFTY BHARAT BOND INDEX - APRIL 2031,13 Jan 2026,1424.37,1424.37,1422.76,1422.76
NIFTY BHARAT BOND INDEX - APRIL 2031,12 Jan 2026,1424.63,1424.63,1424.11,1424.11
NIFTY BHARAT BOND INDEX - APRIL 2031,09 Jan 2026,1423.83,1423.84,1423.83,1423.84
NIFTY BHARAT BOND INDEX - APRIL 2031,08 Jan 2026,1423.15,1423.57,1423.15,1423.57
NIFTY BHARAT BOND INDEX - APRIL 2031,07 Jan 2026,1423.66,1423.67,1422.89,1422.89
NIFTY BHARAT BOND INDEX - APRIL 2031,06 Jan 2026,1423.88,1423.88,1423.4,1423.4
NIFTY BHARAT BOND INDEX - APRIL 2031,05 Jan 2026,1425.8,1425.94,1423.62,1423.62
NIFTY BHARAT BOND INDEX - APRIL 2031,02 Jan 2026,1425.03,1425.16,1425.01,1425.01
NIFTY BHARAT BOND INDEX - APRIL 2031,01 Jan 2026,-,-,-,1424.77
NIFTY BHARAT BOND INDEX - APRIL 2031,31 Dec 2025,1424.73,1424.73,1422.93,1422.93
NIFTY BHARAT BOND INDEX - APRIL 2031,30 Dec 2025,1425.92,1425.93,1424.47,1424.47
NIFTY BHARAT BOND INDEX - APRIL 2031,29 Dec 2025,1425.94,1426.03,1425.66,1425.66
NIFTY BHARAT BOND INDEX - APRIL 2031,26 Dec 2025,1423.64,1425.15,1423.64,1425.15
NIFTY BHARAT BOND INDEX - APRIL 2031,24 Dec 2025,1422.4,1423.11,1422.4,1423.11
NIFTY BHARAT BOND INDEX - APRIL 2031,23 Dec 2025,1423.7,1423.7,1422.14,1422.14
NIFTY BHARAT BOND INDEX - APRIL 2031,22 Dec 2025,1424.16,1424.16,1423.44,1423.44
NIFTY BHARAT BOND INDEX - APRIL 2031,19 Dec 2025,1423.36,1423.37,1423.25,1423.37
NIFTY BHARAT BOND INDEX - APRIL 2031,18 Dec 2025,1423.69,1423.7,1423.1,1423.1
NIFTY BHARAT BOND INDEX - APRIL 2031,17 Dec 2025,1423.77,1423.77,1423.43,1423.43
NIFTY BHARAT BOND INDEX - APRIL 2031,16 Dec 2025,1424.73,1425.57,1423.51,1423.51
NIFTY BHARAT BOND INDEX - APRIL 2031,15 Dec 2025,1424.58,1424.58,1424.47,1424.47
NIFTY BHARAT BOND INDEX - APRIL 2031,12 Dec 2025,1424.92,1424.93,1423.79,1423.79
NIFTY BHARAT BOND INDEX - APRIL 2031,11 Dec 2025,1425.96,1425.96,1424.66,1424.66
NIFTY BHARAT BOND INDEX - APRIL 2031,10 Dec 2025,1428.41,1428.47,1425.7,1425.7
NIFTY BHARAT BOND INDEX - APRIL 2031,09 Dec 2025,1430.57,1430.57,1428.15,1428.15
NIFTY BHARAT BOND INDEX - APRIL 2031,08 Dec 2025,1430.86,1431.2,1430.31,1430.31
NIFTY BHARAT BOND INDEX - APRIL 2031,05 Dec 2025,1429.37,1430.55,1429.37,1430.08
NIFTY BHARAT BOND INDEX - APRIL 2031,04 Dec 2025,1429.46,1429.46,1429.11,1429.11
NIFTY BHARAT BOND INDEX - APRIL 2031,03 Dec 2025,1430.03,1430.03,1429.2,1429.2
NIFTY BHARAT BOND INDEX - APRIL 2031,02 Dec 2025,1430.3,1430.3,1429.62,1429.77
NIFTY BHARAT BOND INDEX - APRIL 2031,01 Dec 2025,1430.31,1430.31,1430.02,1430.04
NIFTY BHARAT BOND INDEX - APRIL 2031,28 Nov 2025,1429.09,1429.53,1429.09,1429.53
NIFTY BHARAT BOND INDEX - APRIL 2031,27 Nov 2025,1427.94,1428.84,1427.93,1428.84
NIFTY BHARAT BOND INDEX - APRIL 2031,26 Nov 2025,1427.81,1428.21,1427.68,1427.68
NIFTY BHARAT BOND INDEX - APRIL 2031,25 Nov 2025,1427.54,1428.1,1427.53,1427.55
NIFTY BHARAT BOND INDEX - APRIL 2031,24 Nov 2025,1427.16,1427.28,1427.14,1427.28
NIFTY BHARAT BOND INDEX - APRIL 2031,21 Nov 2025,1426.67,1426.67,1426.39,1426.39
NIFTY BHARAT BOND INDEX - APRIL 2031,20 Nov 2025,1426.73,1426.73,1426.41,1426.41
NIFTY BHARAT BOND INDEX - APRIL 2031,19 Nov 2025,1425.88,1426.47,1425.87,1426.47
NIFTY BHARAT BOND INDEX - APRIL 2031,18 Nov 2025,1425.15,1425.62,1425.14,1425.62
NIFTY BHARAT BOND INDEX - APRIL 2031,17 Nov 2025,1426.29,1426.29,1424.89,1424.89
NIFTY BHARAT BOND INDEX - APRIL 2031,14 Nov 2025,1425.77,1425.77,1425.51,1425.51
NIFTY BHARAT BOND INDEX - APRIL 2031,13 Nov 2025,1425.92,1425.92,1424.79,1425.51
NIFTY BHARAT BOND INDEX - APRIL 2031,12 Nov 2025,1425.87,1425.87,1425.24,1425.66
NIFTY BHARAT BOND INDEX - APRIL 2031,11 Nov 2025,1424.86,1425.61,1424.85,1425.61
NIFTY BHARAT BOND INDEX - APRIL 2031,10 Nov 2025,1424.63,1424.73,1424.6,1424.6
NIFTY BHARAT BOND INDEX - APRIL 2031,07 Nov 2025,1424.19,1424.19,1423.86,1423.86
NIFTY BHARAT BOND INDEX - APRIL 2031,06 Nov 2025,1423.22,1423.93,1423.07,1423.93
NIFTY BHARAT BOND INDEX - APRIL 2031,04 Nov 2025,1423.67,1423.67,1422.59,1422.71
NIFTY BHARAT BOND INDEX - APRIL 2031,03 Nov 2025,1422.79,1423.41,1422.79,1423.41
NIFTY BHARAT BOND INDEX - APRIL 2031,31 Oct 2025,1421.33,1422.02,1421.15,1422.02
NIFTY BHARAT BOND INDEX - APRIL 2031,30 Oct 2025,1421.5,1421.5,1421.07,1421.07
NIFTY BHARAT BOND INDEX - APRIL 2031,29 Oct 2025,-,-,-,1421.24
NIFTY BHARAT BOND INDEX - APRIL 2031,28 Oct 2025,1420.33,1421.22,1420.32,1421.22
NIFTY BHARAT BOND INDEX - APRIL 2031,27 Oct 2025,1420.89,1420.89,1420.07,1420.07
NIFTY BHARAT BOND INDEX - APRIL 2031,24 Oct 2025,1420.42,1420.55,1420.12,1420.12
NIFTY BHARAT BOND INDEX - APRIL 2031,23 Oct 2025,1421.17,1421.17,1420.16,1420.16
NIFTY BHARAT BOND INDEX - APRIL 2031,21 Oct 2025,1421.17,1421.17,1420.65,1420.65
NIFTY BHARAT BOND INDEX - APRIL 2031,20 Oct 2025,1420.4,1420.4,1420.38,1420.4
NIFTY BHARAT BOND INDEX - APRIL 2031,17 Oct 2025,1418.6,1420.11,1418.59,1419.63
NIFTY BHARAT BOND INDEX - APRIL 2031,16 Oct 2025,1417.12,1418.34,1417.11,1418.34
NIFTY BHARAT BOND INDEX - APRIL 2031,15 Oct 2025,1416.59,1417.02,1416.58,1416.86
NIFTY BHARAT BOND INDEX - APRIL 2031,14 Oct 2025,1416.16,1416.33,1416.15,1416.33
NIFTY BHARAT BOND INDEX - APRIL 2031,13 Oct 2025,1415.54,1415.93,1415.54,1415.9
NIFTY BHARAT BOND INDEX - APRIL 2031,10 Oct 2025,1414.73,1414.77,1413,1414.77
NIFTY BHARAT BOND INDEX - APRIL 2031,09 Oct 2025,1414.42,1414.47,1414.18,1414.47
NIFTY BHARAT BOND INDEX - APRIL 2031,08 Oct 2025,1413.75,1414.16,1413.74,1414.16
NIFTY BHARAT BOND INDEX - APRIL 2031,07 Oct 2025,1410.19,1413.49,1410.15,1413.49
NIFTY BHARAT BOND INDEX - APRIL 2031,06 Oct 2025,1409.99,1409.99,1409.93,1409.93
NIFTY BHARAT BOND INDEX - APRIL 2031,03 Oct 2025,1406.99,1409.22,1406.98,1409.22
NIFTY BHARAT BOND INDEX - APRIL 2031,01 Oct 2025,1405.33,1406.47,1405.32,1406.47
NIFTY BHARAT BOND INDEX - APRIL 2031,30 Sep 2025,1406.55,1407.03,1405.07,1405.07
NIFTY BHARAT BOND INDEX - APRIL 2031,29 Sep 2025,1408.13,1408.13,1406.29,1406.29
NIFTY BHARAT BOND INDEX - APRIL 2031,26 Sep 2025,1406.56,1407.35,1406.55,1407.35
NIFTY BHARAT BOND INDEX - APRIL 2031,25 Sep 2025,1404.89,1406.3,1404.89,1406.3
NIFTY BHARAT BOND INDEX - APRIL 2031,24 Sep 2025,1404.99,1404.99,1404.63,1404.63
NIFTY BHARAT BOND INDEX - APRIL 2031,23 Sep 2025,1404.8,1404.8,1404.73,1404.73
NIFTY BHARAT BOND INDEX - APRIL 2031,22 Sep 2025,1404.54,1404.54,1404.54,1404.54
NIFTY BHARAT BOND INDEX - APRIL 2031,19 Sep 2025,1405.22,1405.22,1403.76,1403.76
NIFTY BHARAT BOND INDEX - APRIL 2031,18 Sep 2025,-,-,-,1404.96
NIFTY BHARAT BOND INDEX - APRIL 2031,17 Sep 2025,1404.68,1405.05,1404.67,1405.05
NIFTY BHARAT BOND INDEX - APRIL 2031,16 Sep 2025,1403.55,1404.42,1403.34,1404.42
NIFTY BHARAT BOND INDEX - APRIL 2031,15 Sep 2025,1403.04,1403.29,1403.03,1403.29
NIFTY BHARAT BOND INDEX - APRIL 2031,12 Sep 2025,1402.43,1402.43,1402.26,1402.26
NIFTY BHARAT BOND INDEX - APRIL 2031,11 Sep 2025,1403.16,1403.23,1402.17,1402.17
NIFTY BHARAT BOND INDEX - APRIL 2031,10 Sep 2025,1403.2,1403.2,1402.9,1402.9
NIFTY BHARAT BOND INDEX - APRIL 2031,09 Sep 2025,1402.07,1402.94,1402.06,1402.94
NIFTY BHARAT BOND INDEX - APRIL 2031,08 Sep 2025,1402.07,1402.07,1401.81,1401.81
NIFTY BHARAT BOND INDEX - APRIL 2031,05 Sep 2025,1398.88,1401.03,1398.88,1401.03
NIFTY BHARAT BOND INDEX - APRIL 2031,04 Sep 2025,1398.91,1398.91,1398.62,1398.62
NIFTY BHARAT BOND INDEX - APRIL 2031,03 Sep 2025,-,-,-,1398.66
NIFTY BHARAT BOND INDEX - APRIL 2031,02 Sep 2025,1398.97,1399.83,1398.73,1398.73
NIFTY BHARAT BOND INDEX - APRIL 2031,01 Sep 2025,1400.2,1400.2,1398.71,1398.71
NIFTY BHARAT BOND INDEX - APRIL 2031,29 Aug 2025,1399.43,1399.43,1399.34,1399.43
NIFTY BHARAT BOND INDEX - APRIL 2031,28 Aug 2025,1399.04,1399.19,1398.92,1399.17
NIFTY BHARAT BOND INDEX - APRIL 2031,26 Aug 2025,1400.63,1400.97,1398.52,1398.52
NIFTY BHARAT BOND INDEX - APRIL 2031,25 Aug 2025,1401.64,1401.64,1400.37,1400.37
NIFTY BHARAT BOND INDEX - APRIL 2031,22 Aug 2025,1400.88,1400.88,1400.34,1400.34
NIFTY BHARAT BOND INDEX - APRIL 2031,21 Aug 2025,1400.79,1401.35,1400.39,1400.62
NIFTY BHARAT BOND INDEX - APRIL 2031,20 Aug 2025,1401.19,1401.19,1400.53,1400.53
NIFTY BHARAT BOND INDEX - APRIL 2031,19 Aug 2025,1400.43,1400.93,1400.42,1400.93
NIFTY BHARAT BOND INDEX - APRIL 2031,18 Aug 2025,1399.5,1400.17,1399.16,1400.17
NIFTY BHARAT BOND INDEX - APRIL 2031,14 Aug 2025,1397.77,1398.55,1397.77,1398.47
NIFTY BHARAT BOND INDEX - APRIL 2031,13 Aug 2025,1401.36,1401.36,1397.51,1397.51
NIFTY BHARAT BOND INDEX - APRIL 2031,12 Aug 2025,1403.79,1403.79,1401.1,1401.1
NIFTY BHARAT BOND INDEX - APRIL 2031,11 Aug 2025,1406.11,1406.11,1403.53,1403.53
NIFTY BHARAT BOND INDEX - APRIL 2031,08 Aug 2025,1404.5,1405.35,1404.49,1405.35
NIFTY BHARAT BOND INDEX - APRIL 2031,07 Aug 2025,1403.79,1404.37,1403.77,1404.24
NIFTY BHARAT BOND INDEX - APRIL 2031,06 Aug 2025,1406.76,1406.76,1403.53,1403.53
NIFTY BHARAT BOND INDEX - APRIL 2031,05 Aug 2025,1405.77,1406.5,1405.35,1406.5
NIFTY BHARAT BOND INDEX - APRIL 2031,04 Aug 2025,1403.81,1405.52,1403.77,1405.52
NIFTY BHARAT BOND INDEX - APRIL 2031,01 Aug 2025,-,-,-,1403.05
NIFTY BHARAT BOND INDEX - APRIL 2031,31 Jul 2025,1402.34,1403.22,1402.28,1402.28
NIFTY BHARAT BOND INDEX - APRIL 2031,30 Jul 2025,1400.93,1402.08,1400.92,1402.08
NIFTY BHARAT BOND INDEX - APRIL 2031,29 Jul 2025,1401.98,1401.98,1400.67,1400.67
NIFTY BHARAT BOND INDEX - APRIL 2031,28 Jul 2025,1403.11,1403.11,1401.72,1401.72
NIFTY BHARAT BOND INDEX - APRIL 2031,25 Jul 2025,1404.66,1405.39,1402.35,1402.35
NIFTY BHARAT BOND INDEX - APRIL 2031,24 Jul 2025,1403.55,1404.4,1403.53,1404.4
NIFTY BHARAT BOND INDEX - APRIL 2031,23 Jul 2025,1402.64,1403.56,1402.63,1403.29
NIFTY BHARAT BOND INDEX - APRIL 2031,22 Jul 2025,1402.65,1402.65,1401.63,1402.38
NIFTY BHARAT BOND INDEX - APRIL 2031,21 Jul 2025,1402.73,1402.75,1402.39,1402.39
NIFTY BHARAT BOND INDEX - APRIL 2031,18 Jul 2025,1400.34,1401.97,1400.33,1401.97
NIFTY BHARAT BOND INDEX - APRIL 2031,17 Jul 2025,1398.57,1400.08,1398.55,1400.08
NIFTY BHARAT BOND INDEX - APRIL 2031,16 Jul 2025,1398.83,1398.83,1397.88,1398.31
NIFTY BHARAT BOND INDEX - APRIL 2031,15 Jul 2025,1398.42,1398.57,1398.17,1398.57
NIFTY BHARAT BOND INDEX - APRIL 2031,14 Jul 2025,1397.49,1398.16,1397.48,1398.16
NIFTY BHARAT BOND INDEX - APRIL 2031,11 Jul 2025,1398.11,1398.11,1396.73,1396.73
NIFTY BHARAT BOND INDEX - APRIL 2031,10 Jul 2025,1398.29,1398.29,1397.85,1397.85
NIFTY BHARAT BOND INDEX - APRIL 2031,09 Jul 2025,1399.19,1399.19,1398.01,1398.03
NIFTY BHARAT BOND INDEX - APRIL 2031,08 Jul 2025,1398.68,1398.93,1398.38,1398.93
NIFTY BHARAT BOND INDEX - APRIL 2031,07 Jul 2025,1398.16,1398.42,1397.96,1398.42
NIFTY BHARAT BOND INDEX - APRIL 2031,04 Jul 2025,1397.59,1397.62,1397.4,1397.4
NIFTY BHARAT BOND INDEX - APRIL 2031,03 Jul 2025,1396.63,1397.33,1396.62,1397.33
NIFTY BHARAT BOND INDEX - APRIL 2031,02 Jul 2025,1392.86,1396.38,1392.85,1396.38
NIFTY BHARAT BOND INDEX - APRIL 2031,01 Jul 2025,1392.07,1392.61,1391.46,1392.61
NIFTY BHARAT BOND INDEX - APRIL 2031,30 Jun 2025,1393.55,1394.3,1391.81,1391.81
NIFTY BHARAT BOND INDEX - APRIL 2031,27 Jun 2025,1395.31,1395.31,1392.79,1392.79
NIFTY BHARAT BOND INDEX - APRIL 2031,26 Jun 2025,1395.23,1395.45,1395.05,1395.05
NIFTY BHARAT BOND INDEX - APRIL 2031,25 Jun 2025,1395.47,1395.47,1394.97,1394.97
NIFTY BHARAT BOND INDEX - APRIL 2031,24 Jun 2025,1394.48,1395.21,1394.11,1395.21
NIFTY BHARAT BOND INDEX - APRIL 2031,23 Jun 2025,1395.84,1395.84,1394.22,1394.22
NIFTY BHARAT BOND INDEX - APRIL 2031,20 Jun 2025,1396.15,1396.15,1395.08,1395.08
NIFTY BHARAT BOND INDEX - APRIL 2031,19 Jun 2025,1398.25,1398.25,1395.89,1395.89
NIFTY BHARAT BOND INDEX - APRIL 2031,18 Jun 2025,1397.65,1397.99,1397.64,1397.99
NIFTY BHARAT BOND INDEX - APRIL 2031,17 Jun 2025,1395.49,1397.54,1395.47,1397.39
NIFTY BHARAT BOND INDEX - APRIL 2031,16 Jun 2025,1394.64,1395.23,1393.60,1395.23
NIFTY BHARAT BOND INDEX - APRIL 2031,13 Jun 2025,1396.43,1396.43,1393.88,1395.97
NIFTY BHARAT BOND INDEX - APRIL 2031,12 Jun 2025,1398.30,1398.30,1396.17,1396.88
NIFTY BHARAT BOND INDEX - APRIL 2031,11 Jun 2025,1401.21,1401.21,1398.04,1399.69
NIFTY BHARAT BOND INDEX - APRIL 2031,10 Jun 2025,1403.54,1403.93,1400.95,1403.31
NIFTY BHARAT BOND INDEX - APRIL 2031,09 Jun 2025,1405.85,1405.85,1403.28,1405.14
NIFTY BHARAT BOND INDEX - APRIL 2031,06 Jun 2025,1398.20,1405.10,1398.18,1401.86
NIFTY BHARAT BOND INDEX - APRIL 2031,05 Jun 2025,1399.38,1399.54,1397.94,1399.39
NIFTY BHARAT BOND INDEX - APRIL 2031,04 Jun 2025,1400.68,1400.97,1399.12,1399.45
NIFTY BHARAT BOND INDEX - APRIL 2031,03 Jun 2025,1400.05,1400.64,1400.03,1400.58
NIFTY BHARAT BOND INDEX - APRIL 2031,02 Jun 2025,1401.01,1401.01,1399.79,1400.86
NIFTY BHARAT BOND INDEX - APRIL 2031,30 May 2025,1400.57,1400.57,1400.02,1400.2
NIFTY BHARAT BOND INDEX - APRIL 2031,29 May 2025,1398.94,1400.31,1398.43,1398.43
NIFTY BHARAT BOND INDEX - APRIL 2031,28 May 2025,1397.99,1398.68,1397.97,1398.16
NIFTY BHARAT BOND INDEX - APRIL 2031,27 May 2025,1398.01,1398.50,1397.73,1398.08
NIFTY BHARAT BOND INDEX - APRIL 2031,26 May 2025,1397.40,1397.75,1397.23,1397.23
NIFTY BHARAT BOND INDEX - APRIL 2031,23 May 2025,1395.47,1397.42,1395.46,1397.42
NIFTY BHARAT BOND INDEX - APRIL 2031,22 May 2025,1395.88,1397.38,1395.22,1396.88
NIFTY BHARAT BOND INDEX - APRIL 2031,21 May 2025,1393.07,1395.62,1392.59,1392.59
NIFTY BHARAT BOND INDEX - APRIL 2031,20 May 2025,1389.26,1392.81,1389.25,1389.37
NIFTY BHARAT BOND INDEX - APRIL 2031,19 May 2025,1387.59,1389.00,1387.58,1387.58
NIFTY BHARAT BOND INDEX - APRIL 2031,16 May 2025,1384.66,1386.84,1384.65,1385.34
NIFTY BHARAT BOND INDEX - APRIL 2031,15 May 2025,1382.60,1384.40,1382.59,1383.26
NIFTY BHARAT BOND INDEX - APRIL 2031,14 May 2025,1383.18,1383.19,1382.34,1382.67
NIFTY BHARAT BOND INDEX - APRIL 2031,13 May 2025,1377.09,1382.93,1377.08,1378.48
NIFTY BHARAT BOND INDEX - APRIL 2031,12 May 2025,1377.09,1377.09,1376.83,1377.09
NIFTY BHARAT BOND INDEX - APRIL 2031,09 May 2025,1381.24,1381.24,1375.73,1375.73
NIFTY BHARAT BOND INDEX - APRIL 2031,08 May 2025,1381.44,1381.71,1380.98,1381.67
NIFTY BHARAT BOND INDEX - APRIL 2031,07 May 2025,1381.00,1381.32,1380.69,1381.32
NIFTY BHARAT BOND INDEX - APRIL 2031,06 May 2025,1381.07,1381.21,1380.74,1381.0
NIFTY BHARAT BOND INDEX - APRIL 2031,05 May 2025,1380.09,1380.81,1380.08,1380.15
NIFTY BHARAT BOND INDEX - APRIL 2031,02 May 2025,1379.90,1379.90,1379.29,1379.29
NIFTY BHARAT BOND INDEX - APRIL 2031,30 Apr 2025,1379.10,1379.39,1378.49,1378.76
NIFTY BHARAT BOND INDEX - APRIL 2031,29 Apr 2025,1378.01,1378.84,1378.00,1378.25
NIFTY BHARAT BOND INDEX - APRIL 2031,28 Apr 2025,1377.65,1377.76,1377.61,1377.61
NIFTY BHARAT BOND INDEX - APRIL 2031,25 Apr 2025,1377.70,1377.99,1376.67,1376.67
NIFTY BHARAT BOND INDEX - APRIL 2031,24 Apr 2025,1378.68,1378.68,1377.45,1378.67
NIFTY BHARAT BOND INDEX - APRIL 2031,23 Apr 2025,1377.70,1378.44,1377.69,1378.24
NIFTY BHARAT BOND INDEX - APRIL 2031,22 Apr 2025,1376.23,1377.44,1376.22,1377.17
NIFTY BHARAT BOND INDEX - APRIL 2031,21 Apr 2025,1372.78,1375.98,1372.76,1374.62
NIFTY BHARAT BOND INDEX - APRIL 2031,17 Apr 2025,1371.76,1373.22,1371.76,1373.22
NIFTY BHARAT BOND INDEX - APRIL 2031,16 Apr 2025,1369.83,1371.51,1369.82,1370.04
NIFTY BHARAT BOND INDEX - APRIL 2031,15 Apr 2025,1369.99,1369.99,1369.58,1369.93
NIFTY BHARAT BOND INDEX - APRIL 2031,11 Apr 2025,1367.41,1368.99,1367.40,1367.78
NIFTY BHARAT BOND INDEX - APRIL 2031,09 Apr 2025,1365.07,1366.90,1364.48,1364.98
NIFTY BHARAT BOND INDEX - APRIL 2031,08 Apr 2025,1365.76,1365.76,1364.82,1364.92
NIFTY BHARAT BOND INDEX - APRIL 2031,07 Apr 2025,1365.78,1365.78,1365.51,1365.68
NIFTY BHARAT BOND INDEX - APRIL 2031,04 Apr 2025,1365.49,1365.94,1365.03,1365.53
NIFTY BHARAT BOND INDEX - APRIL 2031,03 Apr 2025,1364.18,1365.24,1364.18,1364.69
NIFTY BHARAT BOND INDEX - APRIL 2031,02 Apr 2025,1356.79,1363.93,1356.78,1357.96
NIFTY BHARAT BOND INDEX - APRIL 2031,01 Apr 2025,1356.79,1356.79,1356.54,1356.79
NIFTY BHARAT BOND INDEX - APRIL 2031,28 Mar 2025,1351.29,1355.52,1351.29,1353.68
NIFTY BHARAT BOND INDEX - APRIL 2031,27 Mar 2025,1349.23,1351.31,1349.22,1351.31
NIFTY BHARAT BOND INDEX - APRIL 2031,26 Mar 2025,1346.46,1348.98,1346.46,1347.02
NIFTY BHARAT BOND INDEX - APRIL 2031,25 Mar 2025,1345.87,1346.21,1345.87,1346.13
NIFTY BHARAT BOND INDEX - APRIL 2031,24 Mar 2025,1345.16,1345.62,1345.16,1345.54
NIFTY BHARAT BOND INDEX - APRIL 2031,21 Mar 2025,1343.61,1344.39,1343.61,1344.21
NIFTY BHARAT BOND INDEX - APRIL 2031,20 Mar 2025,1340.74,1343.36,1339.60,1339.78
NIFTY BHARAT BOND INDEX - APRIL 2031,19 Mar 2025,1338.76,1340.49,1338.76,1339.85
NIFTY BHARAT BOND INDEX - APRIL 2031,18 Mar 2025,1338.48,1338.55,1338.10,1338.1
NIFTY BHARAT BOND INDEX - APRIL 2031,17 Mar 2025,1337.59,1338.35,1337.59,1338.35
NIFTY BHARAT BOND INDEX - APRIL 2031,13 Mar 2025,1336.12,1336.56,1336.12,1336.21
NIFTY BHARAT BOND INDEX - APRIL 2031,12 Mar 2025,1336.26,1336.26,1335.63,1336.11
NIFTY BHARAT BOND INDEX - APRIL 2031,11 Mar 2025,1334.26,1336.01,1334.26,1334.52
NIFTY BHARAT BOND INDEX - APRIL 2031,10 Mar 2025,1336.59,1336.60,1334.01,1336.6
NIFTY BHARAT BOND INDEX - APRIL 2031,07 Mar 2025,1336.31,1336.32,1335.82,1336.32
NIFTY BHARAT BOND INDEX - APRIL 2031,06 Mar 2025,1334.83,1336.06,1334.83,1335.89
NIFTY BHARAT BOND INDEX - APRIL 2031,05 Mar 2025,1334.93,1334.93,1334.17,1334.29
NIFTY BHARAT BOND INDEX - APRIL 2031,04 Mar 2025,1334.41,1334.68,1334.40,1334.41
NIFTY BHARAT BOND INDEX - APRIL 2031,03 Mar 2025,1336.43,1336.44,1334.16,1336.08
NIFTY BHARAT BOND INDEX - APRIL 2031,28 Feb 2025,1338.25,1338.25,1335.67,1338.25
NIFTY BHARAT BOND INDEX - APRIL 2031,27 Feb 2025,1339.52,1339.53,1338.00,1339.52
NIFTY BHARAT BOND INDEX - APRIL 2031,25 Feb 2025,1339.01,1339.02,1339.00,1339.01
NIFTY BHARAT BOND INDEX - APRIL 2031,24 Feb 2025,1338.16,1338.76,1338.16,1338.17
NIFTY BHARAT BOND INDEX - APRIL 2031,21 Feb 2025,1338.56,1338.56,1337.40,1338.56
NIFTY BHARAT BOND INDEX - APRIL 2031,20 Feb 2025,1338.12,1338.31,1338.12,1338.13
NIFTY BHARAT BOND INDEX - APRIL 2031,19 Feb 2025,1338.12,1338.13,1337.88,1338.13
NIFTY BHARAT BOND INDEX - APRIL 2031,18 Feb 2025,1337.43,1337.62,1337.43,1337.43
NIFTY BHARAT BOND INDEX - APRIL 2031,17 Feb 2025,1337.50,1337.50,1337.18,1337.5
NIFTY BHARAT BOND INDEX - APRIL 2031,14 Feb 2025,1336.00,1336.74,1336.00,1336.0
NIFTY BHARAT BOND INDEX - APRIL 2031,13 Feb 2025,1336.12,1336.38,1335.76,1336.12
NIFTY BHARAT BOND INDEX - APRIL 2031,12 Feb 2025,1336.89,1336.90,1335.87,1335.87
NIFTY BHARAT BOND INDEX - APRIL 2031,11 Feb 2025,1336.64,1336.65,1336.64,1336.64
NIFTY BHARAT BOND INDEX - APRIL 2031,10 Feb 2025,1337.71,1337.71,1336.39,1336.94
NIFTY BHARAT BOND INDEX - APRIL 2031,07 Feb 2025,1338.12,1338.12,1336.95,1338.12
NIFTY BHARAT BOND INDEX - APRIL 2031,06 Feb 2025,1336.69,1337.87,1336.68,1337.47
NIFTY BHARAT BOND INDEX - APRIL 2031,05 Feb 2025,1335.21,1336.44,1335.20,1335.41
NIFTY BHARAT BOND INDEX - APRIL 2031,04 Feb 2025,1335.04,1335.30,1334.53,1334.53
NIFTY BHARAT BOND INDEX - APRIL 2031,03 Feb 2025,1332.61,1334.79,1332.51,1332.51
NIFTY BHARAT BOND INDEX - APRIL 2031,01 Feb 2025,1332.61,1332.61,1332.10,1332.61
NIFTY BHARAT BOND INDEX - APRIL 2031,31 Jan 2025,1331.32,1331.85,1331.18,1331.18
NIFTY BHARAT BOND INDEX - APRIL 2031,30 Jan 2025,1331.05,1331.60,1331.05,1331.51
NIFTY BHARAT BOND INDEX - APRIL 2031,29 Jan 2025,1330.98,1330.98,1330.71,1330.71
NIFTY BHARAT BOND INDEX - APRIL 2031,28 Jan 2025,1329.64,1330.73,1329.64,1329.66
NIFTY BHARAT BOND INDEX - APRIL 2031,27 Jan 2025,1328.82,1329.39,1328.82,1328.88
NIFTY BHARAT BOND INDEX - APRIL 2031,24 Jan 2025,1328.63,1328.64,1328.46,1328.64
NIFTY BHARAT BOND INDEX - APRIL 2031,23 Jan 2025,1329.33,1329.34,1328.39,1329.18
NIFTY BHARAT BOND INDEX - APRIL 2031,22 Jan 2025,1328.82,1329.08,1328.82,1328.89
NIFTY BHARAT BOND INDEX - APRIL 2031,21 Jan 2025,1327.12,1328.57,1327.11,1327.12
NIFTY BHARAT BOND INDEX - APRIL 2031,20 Jan 2025,1324.90,1326.87,1324.90,1325.34
NIFTY BHARAT BOND INDEX - APRIL 2031,17 Jan 2025,1324.11,1324.62,1324.11,1324.62
NIFTY BHARAT BOND INDEX - APRIL 2031,16 Jan 2025,1322.67,1323.86,1322.67,1323.71
NIFTY BHARAT BOND INDEX - APRIL 2031,15 Jan 2025,1322.24,1323.08,1322.24,1323.08
NIFTY BHARAT BOND INDEX - APRIL 2031,14 Jan 2025,1323.24,1323.25,1322.00,1322.29
NIFTY BHARAT BOND INDEX - APRIL 2031,13 Jan 2025,1325.43,1325.43,1323.00,1325.14
NIFTY BHARAT BOND INDEX - APRIL 2031,10 Jan 2025,1324.22,1325.00,1324.21,1324.22
NIFTY BHARAT BOND INDEX - APRIL 2031,09 Jan 2025,1324.45,1324.49,1323.97,1324.49
NIFTY BHARAT BOND INDEX - APRIL 2031,08 Jan 2025,1324.16,1324.21,1324.01,1324.01
NIFTY BHARAT BOND INDEX - APRIL 2031,07 Jan 2025,1323.18,1323.91,1323.18,1323.86
NIFTY BHARAT BOND INDEX - APRIL 2031,06 Jan 2025,1322.91,1322.94,1322.91,1322.91
NIFTY BHARAT BOND INDEX - APRIL 2031,03 Jan 2025,1322.40,1322.96,1322.39,1322.53
NIFTY BHARAT BOND INDEX - APRIL 2031,02 Jan 2025,1322.39,1322.73,1322.15,1322.73
NIFTY BHARAT BOND INDEX - APRIL 2031,01 Jan 2025,1322.12,1322.23,1322.12,1322.23
NIFTY BHARAT BOND INDEX - APRIL 2031,31 Dec 2024,1321.82,1323.29,1321.81,1323.29
NIFTY BHARAT BOND INDEX - APRIL 2031,30 Dec 2024,1322.15,1322.89,1321.57,1322.89
NIFTY BHARAT BOND INDEX - APRIL 2031,27 Dec 2024,1321.53,1321.68,1321.31,1321.31
NIFTY BHARAT BOND INDEX - APRIL 2031,26 Dec 2024,1321.35,1321.35,1321.29,1321.33
NIFTY BHARAT BOND INDEX - APRIL 2031,24 Dec 2024,1321.78,1321.79,1320.85,1321.79
NIFTY BHARAT BOND INDEX - APRIL 2031,23 Dec 2024,1320.67,1321.54,1320.66,1320.67
NIFTY BHARAT BOND INDEX - APRIL 2031,20 Dec 2024,1319.67,1319.91,1319.49,1319.49
NIFTY BHARAT BOND INDEX - APRIL 2031,19 Dec 2024,1320.82,1320.82,1319.43,1320.76
NIFTY BHARAT BOND INDEX - APRIL 2031,18 Dec 2024,1320.20,1320.58,1320.20,1320.21
NIFTY BHARAT BOND INDEX - APRIL 2031,17 Dec 2024,1319.44,1319.96,1319.37,1319.58
NIFTY BHARAT BOND INDEX - APRIL 2031,16 Dec 2024,1321.93,1321.94,1319.19,1321.94
NIFTY BHARAT BOND INDEX - APRIL 2031,13 Dec 2024,1321.59,1321.59,1321.18,1321.59
NIFTY BHARAT BOND INDEX - APRIL 2031,12 Dec 2024,1321.34,1321.34,1321.33,1321.34
NIFTY BHARAT BOND INDEX - APRIL 2031,11 Dec 2024,1321.60,1321.60,1321.09,1321.6
NIFTY BHARAT BOND INDEX - APRIL 2031,10 Dec 2024,1321.96,1321.97,1321.35,1321.97
NIFTY BHARAT BOND INDEX - APRIL 2031,09 Dec 2024,1320.85,1321.72,1320.84,1321.08
NIFTY BHARAT BOND INDEX - APRIL 2031,06 Dec 2024,1320.14,1320.14,1320.08,1320.08
NIFTY BHARAT BOND INDEX - APRIL 2031,05 Dec 2024,1318.96,1319.89,1318.96,1319.39
NIFTY BHARAT BOND INDEX - APRIL 2031,04 Dec 2024,1317.59,1318.72,1317.58,1318.16
NIFTY BHARAT BOND INDEX - APRIL 2031,03 Dec 2024,1317.55,1318.07,1317.34,1317.79
NIFTY BHARAT BOND INDEX - APRIL 2031,02 Dec 2024,1315.50,1317.31,1315.50,1316.5
NIFTY BHARAT BOND INDEX - APRIL 2031,29 Nov 2024,1314.02,1314.76,1314.02,1314.03
NIFTY BHARAT BOND INDEX - APRIL 2031,28 Nov 2024,1313.77,1313.78,1313.77,1313.77
NIFTY BHARAT BOND INDEX - APRIL 2031,27 Nov 2024,1314.30,1314.30,1313.53,1314.17
NIFTY BHARAT BOND INDEX - APRIL 2031,26 Nov 2024,1314.02,1314.06,1314.01,1314.02
NIFTY BHARAT BOND INDEX - APRIL 2031,25 Nov 2024,1313.78,1313.89,1313.77,1313.89
NIFTY BHARAT BOND INDEX - APRIL 2031,22 Nov 2024,1314.31,1314.32,1313.03,1314.32
NIFTY BHARAT BOND INDEX - APRIL 2031,21 Nov 2024,1314.04,1314.07,1312.04,1312.12
NIFTY BHARAT BOND INDEX - APRIL 2031,19 Nov 2024,1314.04,1314.10,1312.90,1312.9
NIFTY BHARAT BOND INDEX - APRIL 2031,18 Nov 2024,1314.04,1314.40,1312.83,1312.83
NIFTY BHARAT BOND INDEX - APRIL 2031,14 Nov 2024,1314.04,1314.04,1312.90,1313.42
NIFTY BHARAT BOND INDEX - APRIL 2031,13 Nov 2024,1314.04,1314.04,1312.83,1312.83
NIFTY BHARAT BOND INDEX - APRIL 2031,12 Nov 2024,1314.04,1314.04,1313.79,1313.87
NIFTY BHARAT BOND INDEX - APRIL 2031,11 Nov 2024,-,-,-,1313.79
NIFTY BHARAT BOND INDEX - APRIL 2031,08 Nov 2024,-,-,-,1313.06
NIFTY BHARAT BOND INDEX - APRIL 2031,07 Nov 2024,-,-,-,1312.42
NIFTY BHARAT BOND INDEX - APRIL 2031,06 Nov 2024,-,-,-,1312.16
NIFTY BHARAT BOND INDEX - APRIL 2031,05 Nov 2024,-,-,-,1311.67
NIFTY BHARAT BOND INDEX - APRIL 2031,04 Nov 2024,-,-,-,1311.8
NIFTY BHARAT BOND INDEX - APRIL 2031,01 Nov 2024,-,-,-,1311.12
NIFTY BHARAT BOND INDEX - APRIL 2031,31 Oct 2024,-,-,-,1310.87
NIFTY BHARAT BOND INDEX - APRIL 2031,30 Oct 2024,-,-,-,1309.82
NIFTY BHARAT BOND INDEX - APRIL 2031,29 Oct 2024,-,-,-,1310.46
NIFTY BHARAT BOND INDEX - APRIL 2031,28 Oct 2024,-,-,-,1310.21
NIFTY BHARAT BOND INDEX - APRIL 2031,25 Oct 2024,-,-,-,1309.46
NIFTY BHARAT BOND INDEX - APRIL 2031,24 Oct 2024,-,-,-,1309.21
NIFTY BHARAT BOND INDEX - APRIL 2031,23 Oct 2024,-,-,-,1308.84
NIFTY BHARAT BOND INDEX - APRIL 2031,22 Oct 2024,-,-,-,1308.59
NIFTY BHARAT BOND INDEX - APRIL 2031,21 Oct 2024,-,-,-,1308.16
NIFTY BHARAT BOND INDEX - APRIL 2031,18 Oct 2024,-,-,-,1308.57
NIFTY BHARAT BOND INDEX - APRIL 2031,17 Oct 2024,-,-,-,1308.32
NIFTY BHARAT BOND INDEX - APRIL 2031,16 Oct 2024,-,-,-,1308.53
NIFTY BHARAT BOND INDEX - APRIL 2031,15 Oct 2024,-,-,-,1308.04
NIFTY BHARAT BOND INDEX - APRIL 2031,14 Oct 2024,-,-,-,1307.79
NIFTY BHARAT BOND INDEX - APRIL 2031,11 Oct 2024,-,-,-,1307.39
NIFTY BHARAT BOND INDEX - APRIL 2031,10 Oct 2024,-,-,-,1306.92
NIFTY BHARAT BOND INDEX - APRIL 2031,09 Oct 2024,-,-,-,1306.98
NIFTY BHARAT BOND INDEX - APRIL 2031,08 Oct 2024,-,-,-,1303.94
NIFTY BHARAT BOND INDEX - APRIL 2031,07 Oct 2024,-,-,-,1305.52
NIFTY BHARAT BOND INDEX - APRIL 2031,04 Oct 2024,-,-,-,1304.77
NIFTY BHARAT BOND INDEX - APRIL 2031,03 Oct 2024,-,-,-,1304.56
NIFTY BHARAT BOND INDEX - APRIL 2031,01 Oct 2024,-,-,-,1304.06
NIFTY BHARAT BOND INDEX - APRIL 2031,30 Sep 2024,-,-,-,1303.55
NIFTY BHARAT BOND INDEX - APRIL 2031,27 Sep 2024,-,-,-,1302.9
NIFTY BHARAT BOND INDEX - APRIL 2031,26 Sep 2024,-,-,-,1302.66
NIFTY BHARAT BOND INDEX - APRIL 2031,25 Sep 2024,-,-,-,1301.23
NIFTY BHARAT BOND INDEX - APRIL 2031,24 Sep 2024,-,-,-,1299.86
NIFTY BHARAT BOND INDEX - APRIL 2031,23 Sep 2024,-,-,-,1299.27
NIFTY BHARAT BOND INDEX - APRIL 2031,20 Sep 2024,-,-,-,1298.29
NIFTY BHARAT BOND INDEX - APRIL 2031,19 Sep 2024,-,-,-,1295.8
NIFTY BHARAT BOND INDEX - APRIL 2031,18 Sep 2024,-,-,-,1292.6
NIFTY BHARAT BOND INDEX - APRIL 2031,17 Sep 2024,-,-,-,1292.35
NIFTY BHARAT BOND INDEX - APRIL 2031,16 Sep 2024,-,-,-,1292.15
NIFTY BHARAT BOND INDEX - APRIL 2031,13 Sep 2024,-,-,-,1290.79
NIFTY BHARAT BOND INDEX - APRIL 2031,12 Sep 2024,-,-,-,1290.54
NIFTY BHARAT BOND INDEX - APRIL 2031,11 Sep 2024,-,-,-,1290.36
NIFTY BHARAT BOND INDEX - APRIL 2031,10 Sep 2024,-,-,-,1290.03
NIFTY BHARAT BOND INDEX - APRIL 2031,09 Sep 2024,-,-,-,1291.46
NIFTY BHARAT BOND INDEX - APRIL 2031,06 Sep 2024,-,-,-,1290.71
NIFTY BHARAT BOND INDEX - APRIL 2031,05 Sep 2024,-,-,-,1288.7
NIFTY BHARAT BOND INDEX - APRIL 2031,04 Sep 2024,-,-,-,1288.45
NIFTY BHARAT BOND INDEX - APRIL 2031,03 Sep 2024,-,-,-,1288.2
NIFTY BHARAT BOND INDEX - APRIL 2031,02 Sep 2024,-,-,-,1287.95
NIFTY BHARAT BOND INDEX - APRIL 2031,30 Aug 2024,-,-,-,1287.2
NIFTY BHARAT BOND INDEX - APRIL 2031,29 Aug 2024,-,-,-,1286.95
NIFTY BHARAT BOND INDEX - APRIL 2031,28 Aug 2024,-,-,-,1286.7
NIFTY BHARAT BOND INDEX - APRIL 2031,27 Aug 2024,-,-,-,1284.68
NIFTY BHARAT BOND INDEX - APRIL 2031,26 Aug 2024,-,-,-,1284.87
NIFTY BHARAT BOND INDEX - APRIL 2031,23 Aug 2024,-,-,-,1283.31
NIFTY BHARAT BOND INDEX - APRIL 2031,22 Aug 2024,-,-,-,1282.8
NIFTY BHARAT BOND INDEX - APRIL 2031,21 Aug 2024,-,-,-,1281.62
NIFTY BHARAT BOND INDEX - APRIL 2031,20 Aug 2024,-,-,-,1281.24
NIFTY BHARAT BOND INDEX - APRIL 2031,19 Aug 2024,-,-,-,1281.34
NIFTY BHARAT BOND INDEX - APRIL 2031,16 Aug 2024,-,-,-,1281.02
NIFTY BHARAT BOND INDEX - APRIL 2031,14 Aug 2024,-,-,-,1280.65
NIFTY BHARAT BOND INDEX - APRIL 2031,13 Aug 2024,-,-,-,1280.49
NIFTY BHARAT BOND INDEX - APRIL 2031,12 Aug 2024,-,-,-,1280.24
NIFTY BHARAT BOND INDEX - APRIL 2031,09 Aug 2024,-,-,-,1279.52
NIFTY BHARAT BOND INDEX - APRIL 2031,08 Aug 2024,-,-,-,1279.27
NIFTY BHARAT BOND INDEX - APRIL 2031,07 Aug 2024,-,-,-,1278.74
NIFTY BHARAT BOND INDEX - APRIL 2031,06 Aug 2024,-,-,-,1278.66
NIFTY BHARAT BOND INDEX - APRIL 2031,05 Aug 2024,-,-,-,1278.41
NIFTY BHARAT BOND INDEX - APRIL 2031,02 Aug 2024,-,-,-,1277.43
NIFTY BHARAT BOND INDEX - APRIL 2031,01 Aug 2024,-,-,-,1277.18
NIFTY BHARAT BOND INDEX - APRIL 2031,31 Jul 2024,-,-,-,1276.93
NIFTY BHARAT BOND INDEX - APRIL 2031,30 Jul 2024,-,-,-,1276.49
NIFTY BHARAT BOND INDEX - APRIL 2031,29 Jul 2024,-,-,-,1275.54
NIFTY BHARAT BOND INDEX - APRIL 2031,26 Jul 2024,-,-,-,1272.75
NIFTY BHARAT BOND INDEX - APRIL 2031,25 Jul 2024,-,-,-,1271.08
NIFTY BHARAT BOND INDEX - APRIL 2031,24 Jul 2024,-,-,-,1270.85
NIFTY BHARAT BOND INDEX - APRIL 2031,23 Jul 2024,-,-,-,1270.6
NIFTY BHARAT BOND INDEX - APRIL 2031,22 Jul 2024,-,-,-,1269.92
NIFTY BHARAT BOND INDEX - APRIL 2031,19 Jul 2024,-,-,-,1268.61
NIFTY BHARAT BOND INDEX - APRIL 2031,18 Jul 2024,-,-,-,1268.1
NIFTY BHARAT BOND INDEX - APRIL 2031,16 Jul 2024,-,-,-,1267.35
NIFTY BHARAT BOND INDEX - APRIL 2031,15 Jul 2024,-,-,-,1267.36
NIFTY BHARAT BOND INDEX - APRIL 2031,12 Jul 2024,-,-,-,1266.58
NIFTY BHARAT BOND INDEX - APRIL 2031,11 Jul 2024,-,-,-,1265.1
NIFTY BHARAT BOND INDEX - APRIL 2031,10 Jul 2024,-,-,-,1264.45
NIFTY BHARAT BOND INDEX - APRIL 2031,09 Jul 2024,-,-,-,1264.53
NIFTY BHARAT BOND INDEX - APRIL 2031,08 Jul 2024,-,-,-,1264.11
NIFTY BHARAT BOND INDEX - APRIL 2031,05 Jul 2024,-,-,-,1263.18
NIFTY BHARAT BOND INDEX - APRIL 2031,04 Jul 2024,-,-,-,1263.19
NIFTY BHARAT BOND INDEX - APRIL 2031,03 Jul 2024,-,-,-,1262.94
NIFTY BHARAT BOND INDEX - APRIL 2031,02 Jul 2024,-,-,-,1263.08
NIFTY BHARAT BOND INDEX - APRIL 2031,01 Jul 2024,-,-,-,1261.51
NIFTY BHARAT BOND INDEX - APRIL 2031,28 Jun 2024,-,-,-,1260.39
NIFTY BHARAT BOND INDEX - APRIL 2031,27 Jun 2024,-,-,-,1260.54
NIFTY BHARAT BOND INDEX - APRIL 2031,26 Jun 2024,-,-,-,1261.9
NIFTY BHARAT BOND INDEX - APRIL 2031,25 Jun 2024,-,-,-,1261.67
NIFTY BHARAT BOND INDEX - APRIL 2031,24 Jun 2024,-,-,-,1261.56
NIFTY BHARAT BOND INDEX - APRIL 2031,21 Jun 2024,-,-,-,1261.03
NIFTY BHARAT BOND INDEX - APRIL 2031,20 Jun 2024,-,-,-,1260.05
NIFTY BHARAT BOND INDEX - APRIL 2031,19 Jun 2024,-,-,-,1261.0
NIFTY BHARAT BOND INDEX - APRIL 2031,18 Jun 2024,-,-,-,1260.75
NIFTY BHARAT BOND INDEX - APRIL 2031,14 Jun 2024,-,-,-,1259.76
NIFTY BHARAT BOND INDEX - APRIL 2031,13 Jun 2024,-,-,-,1259.22
NIFTY BHARAT BOND INDEX - APRIL 2031,12 Jun 2024,-,-,-,1258.77
NIFTY BHARAT BOND INDEX - APRIL 2031,11 Jun 2024,-,-,-,1258.85
NIFTY BHARAT BOND INDEX - APRIL 2031,10 Jun 2024,-,-,-,1257.64
NIFTY BHARAT BOND INDEX - APRIL 2031,07 Jun 2024,-,-,-,1257.1
NIFTY BHARAT BOND INDEX - APRIL 2031,06 Jun 2024,-,-,-,1256.99
NIFTY BHARAT BOND INDEX - APRIL 2031,05 Jun 2024,-,-,-,1256.58
NIFTY BHARAT BOND INDEX - APRIL 2031,04 Jun 2024,-,-,-,1256.66
NIFTY BHARAT BOND INDEX - APRIL 2031,03 Jun 2024,-,-,-,1258.25
NIFTY BHARAT BOND INDEX - APRIL 2031,31 May 2024,-,-,-,1257.5
NIFTY BHARAT BOND INDEX - APRIL 2031,30 May 2024,-,-,-,1257.21
NIFTY BHARAT BOND INDEX - APRIL 2031,29 May 2024,-,-,-,1256.12
NIFTY BHARAT BOND INDEX - APRIL 2031,28 May 2024,-,-,-,1256.83
NIFTY BHARAT BOND INDEX - APRIL 2031,27 May 2024,-,-,-,1256.58
NIFTY BHARAT BOND INDEX - APRIL 2031,24 May 2024,-,-,-,1254.65
NIFTY BHARAT BOND INDEX - APRIL 2031,23 May 2024,-,-,-,1253.72
NIFTY BHARAT BOND INDEX - APRIL 2031,22 May 2024,-,-,-,1253.47
NIFTY BHARAT BOND INDEX - APRIL 2031,21 May 2024,-,-,-,1252.96
NIFTY BHARAT BOND INDEX - APRIL 2031,18 May 2024,-,-,-,1252.16
NIFTY BHARAT BOND INDEX - APRIL 2031,17 May 2024,-,-,-,1251.91
NIFTY BHARAT BOND INDEX - APRIL 2031,16 May 2024,-,-,-,1251.45
NIFTY BHARAT BOND INDEX - APRIL 2031,15 May 2024,-,-,-,1251.65
NIFTY BHARAT BOND INDEX - APRIL 2031,14 May 2024,-,-,-,1249.56
NIFTY BHARAT BOND INDEX - APRIL 2031,13 May 2024,-,-,-,1247.95
NIFTY BHARAT BOND INDEX - APRIL 2031,10 May 2024,-,-,-,1247.2
NIFTY BHARAT BOND INDEX - APRIL 2031,09 May 2024,-,-,-,1246.95
NIFTY BHARAT BOND INDEX - APRIL 2031,08 May 2024,-,-,-,1246.27
NIFTY BHARAT BOND INDEX - APRIL 2031,07 May 2024,-,-,-,1245.98
NIFTY BHARAT BOND INDEX - APRIL 2031,06 May 2024,-,-,-,1245.74
NIFTY BHARAT BOND INDEX - APRIL 2031,03 May 2024,-,-,-,1244.99
NIFTY BHARAT BOND INDEX - APRIL 2031,02 May 2024,-,-,-,1246.17
NIFTY BHARAT BOND INDEX - APRIL 2031,30 Apr 2024,-,-,-,1245.9
NIFTY BHARAT BOND INDEX - APRIL 2031,29 Apr 2024,-,-,-,1244.84
NIFTY BHARAT BOND INDEX - APRIL 2031,26 Apr 2024,-,-,-,1244.65
NIFTY BHARAT BOND INDEX - APRIL 2031,25 Apr 2024,-,-,-,1244.41
NIFTY BHARAT BOND INDEX - APRIL 2031,24 Apr 2024,-,-,-,1244.16
NIFTY BHARAT BOND INDEX - APRIL 2031,23 Apr 2024,-,-,-,1243.86
NIFTY BHARAT BOND INDEX - APRIL 2031,22 Apr 2024,-,-,-,1243.66
NIFTY BHARAT BOND INDEX - APRIL 2031,19 Apr 2024,-,-,-,1242.65
NIFTY BHARAT BOND INDEX - APRIL 2031,18 Apr 2024,-,-,-,1244.5
NIFTY BHARAT BOND INDEX - APRIL 2031,16 Apr 2024,-,-,-,1244.73
NIFTY BHARAT BOND INDEX - APRIL 2031,15 Apr 2024,-,-,-,1244.91
NIFTY BHARAT BOND INDEX - APRIL 2031,12 Apr 2024,-,-,-,1243.93
NIFTY BHARAT BOND INDEX - APRIL 2031,10 Apr 2024,-,-,-,1245.48
NIFTY BHARAT BOND INDEX - APRIL 2031,09 Apr 2024,-,-,-,1245.34
NIFTY BHARAT BOND INDEX - APRIL 2031,08 Apr 2024,-,-,-,1245.1
NIFTY BHARAT BOND INDEX - APRIL 2031,05 Apr 2024,-,-,-,1245.59
NIFTY BHARAT BOND INDEX - APRIL 2031,04 Apr 2024,-,-,-,1245.22
NIFTY BHARAT BOND INDEX - APRIL 2031,03 Apr 2024,-,-,-,1245.96
NIFTY BHARAT BOND INDEX - APRIL 2031,02 Apr 2024,-,-,-,1246.46
NIFTY BHARAT BOND INDEX - APRIL 2031,01 Apr 2024,-,-,-,1246.22
NIFTY BHARAT BOND INDEX - APRIL 2031,28 Mar 2024,-,-,-,1245.24
NIFTY BHARAT BOND INDEX - APRIL 2031,27 Mar 2024,-,-,-,1243.71
NIFTY BHARAT BOND INDEX - APRIL 2031,26 Mar 2024,-,-,-,1243.84
NIFTY BHARAT BOND INDEX - APRIL 2031,22 Mar 2024,-,-,-,1243.97
NIFTY BHARAT BOND INDEX - APRIL 2031,21 Mar 2024,-,-,-,1243.73
NIFTY BHARAT BOND INDEX - APRIL 2031,20 Mar 2024,-,-,-,1242.33
NIFTY BHARAT BOND INDEX - APRIL 2031,19 Mar 2024,-,-,-,1242.39
NIFTY BHARAT BOND INDEX - APRIL 2031,18 Mar 2024,-,-,-,1242.14
NIFTY BHARAT BOND INDEX - APRIL 2031,15 Mar 2024,-,-,-,1240.86
NIFTY BHARAT BOND INDEX - APRIL 2031,14 Mar 2024,-,-,-,1240.61
NIFTY BHARAT BOND INDEX - APRIL 2031,13 Mar 2024,-,-,-,1240.37
NIFTY BHARAT BOND INDEX - APRIL 2031,12 Mar 2024,-,-,-,1237.68
NIFTY BHARAT BOND INDEX - APRIL 2031,11 Mar 2024,-,-,-,1237.44
NIFTY BHARAT BOND INDEX - APRIL 2031,07 Mar 2024,-,-,-,1235.24
NIFTY BHARAT BOND INDEX - APRIL 2031,06 Mar 2024,-,-,-,1234.96
NIFTY BHARAT BOND INDEX - APRIL 2031,05 Mar 2024,-,-,-,1234.54
NIFTY BHARAT BOND INDEX - APRIL 2031,04 Mar 2024,-,-,-,1234.3
NIFTY BHARAT BOND INDEX - APRIL 2031,02 Mar 2024,-,-,-,1232.92
NIFTY BHARAT BOND INDEX - APRIL 2031,01 Mar 2024,-,-,-,1232.67
NIFTY BHARAT BOND INDEX - APRIL 2031,29 Feb 2024,-,-,-,1233.7
NIFTY BHARAT BOND INDEX - APRIL 2031,28 Feb 2024,-,-,-,1233.45
NIFTY BHARAT BOND INDEX - APRIL 2031,27 Feb 2024,-,-,-,1233.21
NIFTY BHARAT BOND INDEX - APRIL 2031,26 Feb 2024,-,-,-,1232.97
NIFTY BHARAT BOND INDEX - APRIL 2031,23 Feb 2024,-,-,-,1231.7
NIFTY BHARAT BOND INDEX - APRIL 2031,22 Feb 2024,-,-,-,1232.71
NIFTY BHARAT BOND INDEX - APRIL 2031,21 Feb 2024,-,-,-,1231.73
NIFTY BHARAT BOND INDEX - APRIL 2031,20 Feb 2024,-,-,-,1230.65
NIFTY BHARAT BOND INDEX - APRIL 2031,19 Feb 2024,-,-,-,1229.7
NIFTY BHARAT BOND INDEX - APRIL 2031,16 Feb 2024,-,-,-,1228.97
NIFTY BHARAT BOND INDEX - APRIL 2031,15 Feb 2024,-,-,-,1228.22
NIFTY BHARAT BOND INDEX - APRIL 2031,14 Feb 2024,-,-,-,1226.52
NIFTY BHARAT BOND INDEX - APRIL 2031,13 Feb 2024,-,-,-,1228.14
NIFTY BHARAT BOND INDEX - APRIL 2031,12 Feb 2024,-,-,-,1228.36
NIFTY BHARAT BOND INDEX - APRIL 2031,09 Feb 2024,-,-,-,1228.36
NIFTY BHARAT BOND INDEX - APRIL 2031,08 Feb 2024,-,-,-,1228.43
NIFTY BHARAT BOND INDEX - APRIL 2031,07 Feb 2024,-,-,-,1227.34
NIFTY BHARAT BOND INDEX - APRIL 2031,06 Feb 2024,-,-,-,1225.55
NIFTY BHARAT BOND INDEX - APRIL 2031,05 Feb 2024,-,-,-,1226.39
NIFTY BHARAT BOND INDEX - APRIL 2031,02 Feb 2024,-,-,-,1225.58
NIFTY BHARAT BOND INDEX - APRIL 2031,01 Feb 2024,-,-,-,1222.24
NIFTY BHARAT BOND INDEX - APRIL 2031,31 Jan 2024,-,-,-,1218.93
NIFTY BHARAT BOND INDEX - APRIL 2031,30 Jan 2024,-,-,-,1218.39
NIFTY BHARAT BOND INDEX - APRIL 2031,29 Jan 2024,-,-,-,1216.82
NIFTY BHARAT BOND INDEX - APRIL 2031,25 Jan 2024,-,-,-,1215.84
NIFTY BHARAT BOND INDEX - APRIL 2031,24 Jan 2024,-,-,-,1214.96
NIFTY BHARAT BOND INDEX - APRIL 2031,23 Jan 2024,-,-,-,1214.71
NIFTY BHARAT BOND INDEX - APRIL 2031,20 Jan 2024,-,-,-,1213.98
NIFTY BHARAT BOND INDEX - APRIL 2031,19 Jan 2024,-,-,-,1213.73
NIFTY BHARAT BOND INDEX - APRIL 2031,18 Jan 2024,-,-,-,1214.36
NIFTY BHARAT BOND INDEX - APRIL 2031,17 Jan 2024,-,-,-,1215.46
NIFTY BHARAT BOND INDEX - APRIL 2031,16 Jan 2024,-,-,-,1215.21
NIFTY BHARAT BOND INDEX - APRIL 2031,15 Jan 2024,-,-,-,1215.12
NIFTY BHARAT BOND INDEX - APRIL 2031,12 Jan 2024,-,-,-,1211.93
NIFTY BHARAT BOND INDEX - APRIL 2031,11 Jan 2024,-,-,-,1212.28
NIFTY BHARAT BOND INDEX - APRIL 2031,10 Jan 2024,-,-,-,1212.55
NIFTY BHARAT BOND INDEX - APRIL 2031,09 Jan 2024,-,-,-,1212.01
NIFTY BHARAT BOND INDEX - APRIL 2031,08 Jan 2024,-,-,-,1211.71
NIFTY BHARAT BOND INDEX - APRIL 2031,05 Jan 2024,-,-,-,1211.69
NIFTY BHARAT BOND INDEX - APRIL 2031,04 Jan 2024,-,-,-,1211.44
NIFTY BHARAT BOND INDEX - APRIL 2031,03 Jan 2024,-,-,-,1211.81
NIFTY BHARAT BOND INDEX - APRIL 2031,02 Jan 2024,-,-,-,1212.74
NIFTY BHARAT BOND INDEX - APRIL 2031,01 Jan 2024,-,-,-,1212.5
NIFTY BHARAT BOND INDEX - APRIL 2031,29 Dec 2023,-,-,-,1212.38
NIFTY BHARAT BOND INDEX - APRIL 2031,28 Dec 2023,-,-,-,1211.19
NIFTY BHARAT BOND INDEX - APRIL 2031,27 Dec 2023,-,-,-,1210.35
NIFTY BHARAT BOND INDEX - APRIL 2031,26 Dec 2023,-,-,-,1210.81
NIFTY BHARAT BOND INDEX - APRIL 2031,22 Dec 2023,-,-,-,1209.69
NIFTY BHARAT BOND INDEX - APRIL 2031,21 Dec 2023,-,-,-,1207.93
NIFTY BHARAT BOND INDEX - APRIL 2031,20 Dec 2023,-,-,-,1207.69
NIFTY BHARAT BOND INDEX - APRIL 2031,19 Dec 2023,-,-,-,1207.43
NIFTY BHARAT BOND INDEX - APRIL 2031,18 Dec 2023,-,-,-,1207.54
NIFTY BHARAT BOND INDEX - APRIL 2031,15 Dec 2023,-,-,-,1208.36
NIFTY BHARAT BOND INDEX - APRIL 2031,14 Dec 2023,-,-,-,1206.28
NIFTY BHARAT BOND INDEX - APRIL 2031,13 Dec 2023,-,-,-,1203.66
NIFTY BHARAT BOND INDEX - APRIL 2031,12 Dec 2023,-,-,-,1203.59
NIFTY BHARAT BOND INDEX - APRIL 2031,11 Dec 2023,-,-,-,1203.35
NIFTY BHARAT BOND INDEX - APRIL 2031,08 Dec 2023,-,-,-,1202.94
NIFTY BHARAT BOND INDEX - APRIL 2031,07 Dec 2023,-,-,-,1203.28
NIFTY BHARAT BOND INDEX - APRIL 2031,06 Dec 2023,-,-,-,1202.35
NIFTY BHARAT BOND INDEX - APRIL 2031,05 Dec 2023,-,-,-,1202.07
NIFTY BHARAT BOND INDEX - APRIL 2031,04 Dec 2023,-,-,-,1202.06
NIFTY BHARAT BOND INDEX - APRIL 2031,01 Dec 2023,-,-,-,1201.09
NIFTY BHARAT BOND INDEX - APRIL 2031,30 Nov 2023,-,-,-,1202.39
NIFTY BHARAT BOND INDEX - APRIL 2031,29 Nov 2023,-,-,-,1201.5
NIFTY BHARAT BOND INDEX - APRIL 2031,28 Nov 2023,-,-,-,1201.43
NIFTY BHARAT BOND INDEX - APRIL 2031,24 Nov 2023,-,-,-,1202.05
NIFTY BHARAT BOND INDEX - APRIL 2031,23 Nov 2023,-,-,-,1202.25
NIFTY BHARAT BOND INDEX - APRIL 2031,22 Nov 2023,-,-,-,1201.96
NIFTY BHARAT BOND INDEX - APRIL 2031,21 Nov 2023,-,-,-,1201.72
NIFTY BHARAT BOND INDEX - APRIL 2031,20 Nov 2023,-,-,-,1201.48
NIFTY BHARAT BOND INDEX - APRIL 2031,17 Nov 2023,-,-,-,1200.75
NIFTY BHARAT BOND INDEX - APRIL 2031,16 Nov 2023,-,-,-,1200.51
NIFTY BHARAT BOND INDEX - APRIL 2031,15 Nov 2023,-,-,-,1200.04
NIFTY BHARAT BOND INDEX - APRIL 2031,13 Nov 2023,-,-,-,1199.56
NIFTY BHARAT BOND INDEX - APRIL 2031,12 Nov 2023,-,-,-,1199.32
NIFTY BHARAT BOND INDEX - APRIL 2031,10 Nov 2023,-,-,-,1198.83
NIFTY BHARAT BOND INDEX - APRIL 2031,09 Nov 2023,-,-,-,1198.59
NIFTY BHARAT BOND INDEX - APRIL 2031,08 Nov 2023,-,-,-,1196.82
NIFTY BHARAT BOND INDEX - APRIL 2031,07 Nov 2023,-,-,-,1195.73
NIFTY BHARAT BOND INDEX - APRIL 2031,06 Nov 2023,-,-,-,1195.22
NIFTY BHARAT BOND INDEX - APRIL 2031,03 Nov 2023,-,-,-,1194.49
NIFTY BHARAT BOND INDEX - APRIL 2031,02 Nov 2023,-,-,-,1193.98
NIFTY BHARAT BOND INDEX - APRIL 2031,01 Nov 2023,-,-,-,1193.77
NIFTY BHARAT BOND INDEX - APRIL 2031,31 Oct 2023,-,-,-,1193.56
NIFTY BHARAT BOND INDEX - APRIL 2031,30 Oct 2023,-,-,-,1193.17
NIFTY BHARAT BOND INDEX - APRIL 2031,27 Oct 2023,-,-,-,1193.06
NIFTY BHARAT BOND INDEX - APRIL 2031,26 Oct 2023,-,-,-,1192.77
NIFTY BHARAT BOND INDEX - APRIL 2031,25 Oct 2023,-,-,-,1192.83
NIFTY BHARAT BOND INDEX - APRIL 2031,23 Oct 2023,-,-,-,1192.08
NIFTY BHARAT BOND INDEX - APRIL 2031,20 Oct 2023,-,-,-,1191.18
NIFTY BHARAT BOND INDEX - APRIL 2031,19 Oct 2023,-,-,-,1190.94
NIFTY BHARAT BOND INDEX - APRIL 2031,18 Oct 2023,-,-,-,1191.94
NIFTY BHARAT BOND INDEX - APRIL 2031,17 Oct 2023,-,-,-,1192.27
NIFTY BHARAT BOND INDEX - APRIL 2031,16 Oct 2023,-,-,-,1192.11
NIFTY BHARAT BOND INDEX - APRIL 2031,13 Oct 2023,-,-,-,1191.66
NIFTY BHARAT BOND INDEX - APRIL 2031,12 Oct 2023,-,-,-,1191.09
NIFTY BHARAT BOND INDEX - APRIL 2031,11 Oct 2023,-,-,-,1188.47
NIFTY BHARAT BOND INDEX - APRIL 2031,10 Oct 2023,-,-,-,1187.11
NIFTY BHARAT BOND INDEX - APRIL 2031,09 Oct 2023,-,-,-,1190.14
NIFTY BHARAT BOND INDEX - APRIL 2031,06 Oct 2023,-,-,-,1190.75
NIFTY BHARAT BOND INDEX - APRIL 2031,05 Oct 2023,-,-,-,1194.59
NIFTY BHARAT BOND INDEX - APRIL 2031,04 Oct 2023,-,-,-,1192.68
NIFTY BHARAT BOND INDEX - APRIL 2031,03 Oct 2023,-,-,-,1194.03
NIFTY BHARAT BOND INDEX - APRIL 2031,29 Sep 2023,-,-,-,1192.74
NIFTY BHARAT BOND INDEX - APRIL 2031,28 Sep 2023,-,-,-,1192.56
NIFTY BHARAT BOND INDEX - APRIL 2031,27 Sep 2023,-,-,-,1194.53
NIFTY BHARAT BOND INDEX - APRIL 2031,26 Sep 2023,-,-,-,1193.61
NIFTY BHARAT BOND INDEX - APRIL 2031,25 Sep 2023,-,-,-,1194.88
NIFTY BHARAT BOND INDEX - APRIL 2031,22 Sep 2023,-,-,-,1194.17
NIFTY BHARAT BOND INDEX - APRIL 2031,21 Sep 2023,-,-,-,1192.71
NIFTY BHARAT BOND INDEX - APRIL 2031,20 Sep 2023,-,-,-,1192.7
NIFTY BHARAT BOND INDEX - APRIL 2031,18 Sep 2023,-,-,-,1192.12
NIFTY BHARAT BOND INDEX - APRIL 2031,15 Sep 2023,-,-,-,1192.82
NIFTY BHARAT BOND INDEX - APRIL 2031,14 Sep 2023,-,-,-,1192.31
NIFTY BHARAT BOND INDEX - APRIL 2031,13 Sep 2023,-,-,-,1190.25
NIFTY BHARAT BOND INDEX - APRIL 2031,12 Sep 2023,-,-,-,1189.39
NIFTY BHARAT BOND INDEX - APRIL 2031,11 Sep 2023,-,-,-,1189.28
NIFTY BHARAT BOND INDEX - APRIL 2031,08 Sep 2023,-,-,-,1190.46
NIFTY BHARAT BOND INDEX - APRIL 2031,07 Sep 2023,-,-,-,1190.23
NIFTY BHARAT BOND INDEX - APRIL 2031,06 Sep 2023,-,-,-,1190.21
NIFTY BHARAT BOND INDEX - APRIL 2031,05 Sep 2023,-,-,-,1190.42
NIFTY BHARAT BOND INDEX - APRIL 2031,04 Sep 2023,-,-,-,1190.19
NIFTY BHARAT BOND INDEX - APRIL 2031,01 Sep 2023,-,-,-,1188.87
NIFTY BHARAT BOND INDEX - APRIL 2031,31 Aug 2023,-,-,-,1188.84
NIFTY BHARAT BOND INDEX - APRIL 2031,30 Aug 2023,-,-,-,1188.6
NIFTY BHARAT BOND INDEX - APRIL 2031,29 Aug 2023,-,-,-,1188.22
NIFTY BHARAT BOND INDEX - APRIL 2031,28 Aug 2023,-,-,-,1186.23
NIFTY BHARAT BOND INDEX - APRIL 2031,25 Aug 2023,-,-,-,1185.2
NIFTY BHARAT BOND INDEX - APRIL 2031,24 Aug 2023,-,-,-,1184.81
NIFTY BHARAT BOND INDEX - APRIL 2031,23 Aug 2023,-,-,-,1183.69
NIFTY BHARAT BOND INDEX - APRIL 2031,22 Aug 2023,-,-,-,1182.49
NIFTY BHARAT BOND INDEX - APRIL 2031,21 Aug 2023,-,-,-,1182.99
NIFTY BHARAT BOND INDEX - APRIL 2031,18 Aug 2023,-,-,-,1182.67
NIFTY BHARAT BOND INDEX - APRIL 2031,17 Aug 2023,-,-,-,1182.34
NIFTY BHARAT BOND INDEX - APRIL 2031,16 Aug 2023,-,-,-,1184.02
NIFTY BHARAT BOND INDEX - APRIL 2031,14 Aug 2023,-,-,-,1183.55
NIFTY BHARAT BOND INDEX - APRIL 2031,11 Aug 2023,-,-,-,1182.67
NIFTY BHARAT BOND INDEX - APRIL 2031,10 Aug 2023,-,-,-,1183.1
NIFTY BHARAT BOND INDEX - APRIL 2031,09 Aug 2023,-,-,-,1183.19
NIFTY BHARAT BOND INDEX - APRIL 2031,08 Aug 2023,-,-,-,1183.32
NIFTY BHARAT BOND INDEX - APRIL 2031,07 Aug 2023,-,-,-,1183.58
NIFTY BHARAT BOND INDEX - APRIL 2031,04 Aug 2023,-,-,-,1182.77
NIFTY BHARAT BOND INDEX - APRIL 2031,03 Aug 2023,-,-,-,1183.28
NIFTY BHARAT BOND INDEX - APRIL 2031,02 Aug 2023,-,-,-,1185.28
NIFTY BHARAT BOND INDEX - APRIL 2031,01 Aug 2023,-,-,-,1183.56
NIFTY BHARAT BOND INDEX - APRIL 2031,31 Jul 2023,-,-,-,1183.51
NIFTY BHARAT BOND INDEX - APRIL 2031,28 Jul 2023,-,-,-,1182.81
NIFTY BHARAT BOND INDEX - APRIL 2031,27 Jul 2023,-,-,-,1185.37
NIFTY BHARAT BOND INDEX - APRIL 2031,26 Jul 2023,-,-,-,1184.34
NIFTY BHARAT BOND INDEX - APRIL 2031,25 Jul 2023,-,-,-,1184.11
NIFTY BHARAT BOND INDEX - APRIL 2031,24 Jul 2023,-,-,-,1185.09
NIFTY BHARAT BOND INDEX - APRIL 2031,21 Jul 2023,-,-,-,1184.39
NIFTY BHARAT BOND INDEX - APRIL 2031,20 Jul 2023,-,-,-,1183.58
NIFTY BHARAT BOND INDEX - APRIL 2031,19 Jul 2023,-,-,-,1183.5
NIFTY BHARAT BOND INDEX - APRIL 2031,18 Jul 2023,-,-,-,1183.11
NIFTY BHARAT BOND INDEX - APRIL 2031,17 Jul 2023,-,-,-,1182.5
NIFTY BHARAT BOND INDEX - APRIL 2031,14 Jul 2023,-,-,-,1182.93
NIFTY BHARAT BOND INDEX - APRIL 2031,13 Jul 2023,-,-,-,1183.13
NIFTY BHARAT BOND INDEX - APRIL 2031,12 Jul 2023,-,-,-,1181.65
NIFTY BHARAT BOND INDEX - APRIL 2031,11 Jul 2023,-,-,-,1181.89
NIFTY BHARAT BOND INDEX - APRIL 2031,10 Jul 2023,-,-,-,1180.13
NIFTY BHARAT BOND INDEX - APRIL 2031,07 Jul 2023,-,-,-,1179.13
NIFTY BHARAT BOND INDEX - APRIL 2031,06 Jul 2023,-,-,-,1179.8
NIFTY BHARAT BOND INDEX - APRIL 2031,05 Jul 2023,-,-,-,1180.99
NIFTY BHARAT BOND INDEX - APRIL 2031,04 Jul 2023,-,-,-,1180.76
NIFTY BHARAT BOND INDEX - APRIL 2031,03 Jul 2023,-,-,-,1180.53
NIFTY BHARAT BOND INDEX - APRIL 2031,30 Jun 2023,-,-,-,1179.7
NIFTY BHARAT BOND INDEX - APRIL 2031,28 Jun 2023,-,-,-,1180.11
NIFTY BHARAT BOND INDEX - APRIL 2031,27 Jun 2023,-,-,-,1178.95
NIFTY BHARAT BOND INDEX - APRIL 2031,26 Jun 2023,-,-,-,1178.97
NIFTY BHARAT BOND INDEX - APRIL 2031,23 Jun 2023,-,-,-,1178.31
NIFTY BHARAT BOND INDEX - APRIL 2031,22 Jun 2023,-,-,-,1178.09
NIFTY BHARAT BOND INDEX - APRIL 2031,21 Jun 2023,-,-,-,1178.83
NIFTY BHARAT BOND INDEX - APRIL 2031,20 Jun 2023,-,-,-,1180.18
NIFTY BHARAT BOND INDEX - APRIL 2031,19 Jun 2023,-,-,-,1181.9
NIFTY BHARAT BOND INDEX - APRIL 2031,16 Jun 2023,-,-,-,1180.98
NIFTY BHARAT BOND INDEX - APRIL 2031,15 Jun 2023,-,-,-,1181.2
NIFTY BHARAT BOND INDEX - APRIL 2031,14 Jun 2023,-,-,-,1180.68
NIFTY BHARAT BOND INDEX - APRIL 2031,13 Jun 2023,-,-,-,1180.45
NIFTY BHARAT BOND INDEX - APRIL 2031,12 Jun 2023,-,-,-,1181.91
NIFTY BHARAT BOND INDEX - APRIL 2031,09 Jun 2023,-,-,-,1181.39
NIFTY BHARAT BOND INDEX - APRIL 2031,08 Jun 2023,-,-,-,1181.07
NIFTY BHARAT BOND INDEX - APRIL 2031,07 Jun 2023,-,-,-,1182.93
NIFTY BHARAT BOND INDEX - APRIL 2031,06 Jun 2023,-,-,-,1183.01
NIFTY BHARAT BOND INDEX - APRIL 2031,05 Jun 2023,-,-,-,1182.39
NIFTY BHARAT BOND INDEX - APRIL 2031,02 Jun 2023,-,-,-,1181.02
NIFTY BHARAT BOND INDEX - APRIL 2031,01 Jun 2023,-,-,-,1180.71
NIFTY BHARAT BOND INDEX - APRIL 2031,31 May 2023,-,-,-,1181.49
NIFTY BHARAT BOND INDEX - APRIL 2031,30 May 2023,-,-,-,1181.26
NIFTY BHARAT BOND INDEX - APRIL 2031,29 May 2023,-,-,-,1181.65
NIFTY BHARAT BOND INDEX - APRIL 2031,26 May 2023,-,-,-,1180.96
NIFTY BHARAT BOND INDEX - APRIL 2031,25 May 2023,-,-,-,1180.73
NIFTY BHARAT BOND INDEX - APRIL 2031,24 May 2023,-,-,-,1180.56
NIFTY BHARAT BOND INDEX - APRIL 2031,23 May 2023,-,-,-,1180.18
NIFTY BHARAT BOND INDEX - APRIL 2031,22 May 2023,-,-,-,1180.67
NIFTY BHARAT BOND INDEX - APRIL 2031,19 May 2023,-,-,-,1178.38
NIFTY BHARAT BOND INDEX - APRIL 2031,18 May 2023,-,-,-,1178.27
NIFTY BHARAT BOND INDEX - APRIL 2031,17 May 2023,-,-,-,1179.46
NIFTY BHARAT BOND INDEX - APRIL 2031,16 May 2023,-,-,-,1179.21
NIFTY BHARAT BOND INDEX - APRIL 2031,15 May 2023,-,-,-,1176.39
NIFTY BHARAT BOND INDEX - APRIL 2031,12 May 2023,-,-,-,1175.08
NIFTY BHARAT BOND INDEX - APRIL 2031,11 May 2023,-,-,-,1174.25
NIFTY BHARAT BOND INDEX - APRIL 2031,10 May 2023,-,-,-,1173.65
NIFTY BHARAT BOND INDEX - APRIL 2031,09 May 2023,-,-,-,1172.8
NIFTY BHARAT BOND INDEX - APRIL 2031,08 May 2023,-,-,-,1172.95
NIFTY BHARAT BOND INDEX - APRIL 2031,05 May 2023,-,-,-,1174.15
NIFTY BHARAT BOND INDEX - APRIL 2031,04 May 2023,-,-,-,1173.92
NIFTY BHARAT BOND INDEX - APRIL 2031,03 May 2023,-,-,-,1175.07
NIFTY BHARAT BOND INDEX - APRIL 2031,02 May 2023,-,-,-,1169.32
NIFTY BHARAT BOND INDEX - APRIL 2031,28 Apr 2023,-,-,-,1168.49
NIFTY BHARAT BOND INDEX - APRIL 2031,27 Apr 2023,-,-,-,1168.69
NIFTY BHARAT BOND INDEX - APRIL 2031,26 Apr 2023,-,-,-,1164.21
NIFTY BHARAT BOND INDEX - APRIL 2031,25 Apr 2023,-,-,-,1164.0
NIFTY BHARAT BOND INDEX - APRIL 2031,24 Apr 2023,-,-,-,1162.46
NIFTY BHARAT BOND INDEX - APRIL 2031,21 Apr 2023,-,-,-,1158.73
NIFTY BHARAT BOND INDEX - APRIL 2031,20 Apr 2023,-,-,-,1157.75
NIFTY BHARAT BOND INDEX - APRIL 2031,19 Apr 2023,-,-,-,1156.88
NIFTY BHARAT BOND INDEX - APRIL 2031,18 Apr 2023,-,-,-,1155.53
NIFTY BHARAT BOND INDEX - APRIL 2031,17 Apr 2023,-,-,-,1154.45
NIFTY BHARAT BOND INDEX - APRIL 2031,13 Apr 2023,-,-,-,1153.82
NIFTY BHARAT BOND INDEX - APRIL 2031,12 Apr 2023,-,-,-,1153.74
NIFTY BHARAT BOND INDEX - APRIL 2031,11 Apr 2023,-,-,-,1152.93
NIFTY BHARAT BOND INDEX - APRIL 2031,10 Apr 2023,-,-,-,1153.74
NIFTY BHARAT BOND INDEX - APRIL 2031,06 Apr 2023,-,-,-,1152.82
NIFTY BHARAT BOND INDEX - APRIL 2031,05 Apr 2023,-,-,-,1148.32
NIFTY BHARAT BOND INDEX - APRIL 2031,03 Apr 2023,-,-,-,1146.74
NIFTY BHARAT BOND INDEX - APRIL 2031,31 Mar 2023,-,-,-,1146.62
NIFTY BHARAT BOND INDEX - APRIL 2031,29 Mar 2023,-,-,-,1144.96
NIFTY BHARAT BOND INDEX - APRIL 2031,28 Mar 2023,-,-,-,1143.23
NIFTY BHARAT BOND INDEX - APRIL 2031,27 Mar 2023,-,-,-,1144.73
NIFTY BHARAT BOND INDEX - APRIL 2031,24 Mar 2023,-,-,-,1144.08
NIFTY BHARAT BOND INDEX - APRIL 2031,23 Mar 2023,-,-,-,1142.69
NIFTY BHARAT BOND INDEX - APRIL 2031,22 Mar 2023,-,-,-,1143.33
NIFTY BHARAT BOND INDEX - APRIL 2031,21 Mar 2023,-,-,-,1143.1
NIFTY BHARAT BOND INDEX - APRIL 2031,20 Mar 2023,-,-,-,1143.1
NIFTY BHARAT BOND INDEX - APRIL 2031,17 Mar 2023,-,-,-,1141.08
NIFTY BHARAT BOND INDEX - APRIL 2031,16 Mar 2023,-,-,-,1140.85
NIFTY BHARAT BOND INDEX - APRIL 2031,15 Mar 2023,-,-,-,1140.62
NIFTY BHARAT BOND INDEX - APRIL 2031,14 Mar 2023,-,-,-,1141.27
NIFTY BHARAT BOND INDEX - APRIL 2031,13 Mar 2023,-,-,-,1140.68
NIFTY BHARAT BOND INDEX - APRIL 2031,10 Mar 2023,-,-,-,1139.38
NIFTY BHARAT BOND INDEX - APRIL 2031,09 Mar 2023,-,-,-,1137.11
NIFTY BHARAT BOND INDEX - APRIL 2031,08 Mar 2023,-,-,-,1133.16
NIFTY BHARAT BOND INDEX - APRIL 2031,06 Mar 2023,-,-,-,1137.51
NIFTY BHARAT BOND INDEX - APRIL 2031,03 Mar 2023,-,-,-,1136.82
NIFTY BHARAT BOND INDEX - APRIL 2031,02 Mar 2023,-,-,-,1136.14
NIFTY BHARAT BOND INDEX - APRIL 2031,01 Mar 2023,-,-,-,1135.85
NIFTY BHARAT BOND INDEX - APRIL 2031,28 Feb 2023,-,-,-,1135.89
NIFTY BHARAT BOND INDEX - APRIL 2031,27 Feb 2023,-,-,-,1135.01
NIFTY BHARAT BOND INDEX - APRIL 2031,24 Feb 2023,-,-,-,1136.36
NIFTY BHARAT BOND INDEX - APRIL 2031,23 Feb 2023,-,-,-,1136.13
NIFTY BHARAT BOND INDEX - APRIL 2031,22 Feb 2023,-,-,-,1135.01
NIFTY BHARAT BOND INDEX - APRIL 2031,21 Feb 2023,-,-,-,1134.78
NIFTY BHARAT BOND INDEX - APRIL 2031,20 Feb 2023,-,-,-,1134.54
NIFTY BHARAT BOND INDEX - APRIL 2031,17 Feb 2023,-,-,-,1135.39
NIFTY BHARAT BOND INDEX - APRIL 2031,16 Feb 2023,-,-,-,1137.05
NIFTY BHARAT BOND INDEX - APRIL 2031,15 Feb 2023,-,-,-,1137.56
NIFTY BHARAT BOND INDEX - APRIL 2031,14 Feb 2023,-,-,-,1137.33
NIFTY BHARAT BOND INDEX - APRIL 2031,13 Feb 2023,-,-,-,1137.6
NIFTY BHARAT BOND INDEX - APRIL 2031,10 Feb 2023,-,-,-,1137.8
NIFTY BHARAT BOND INDEX - APRIL 2031,09 Feb 2023,-,-,-,1138.58
NIFTY BHARAT BOND INDEX - APRIL 2031,08 Feb 2023,-,-,-,1137.07
NIFTY BHARAT BOND INDEX - APRIL 2031,07 Feb 2023,-,-,-,1137.47
NIFTY BHARAT BOND INDEX - APRIL 2031,06 Feb 2023,-,-,-,1138.23
NIFTY BHARAT BOND INDEX - APRIL 2031,03 Feb 2023,-,-,-,1139.49
NIFTY BHARAT BOND INDEX - APRIL 2031,02 Feb 2023,-,-,-,1139.07
NIFTY BHARAT BOND INDEX - APRIL 2031,01 Feb 2023,-,-,-,1137.52
NIFTY BHARAT BOND INDEX - APRIL 2031,31 Jan 2023,-,-,-,1133.26
NIFTY BHARAT BOND INDEX - APRIL 2031,30 Jan 2023,-,-,-,1133.03
NIFTY BHARAT BOND INDEX - APRIL 2031,27 Jan 2023,-,-,-,1132.79
NIFTY BHARAT BOND INDEX - APRIL 2031,25 Jan 2023,-,-,-,1133.67
NIFTY BHARAT BOND INDEX - APRIL 2031,24 Jan 2023,-,-,-,1133.26
NIFTY BHARAT BOND INDEX - APRIL 2031,23 Jan 2023,-,-,-,1133.19
NIFTY BHARAT BOND INDEX - APRIL 2031,20 Jan 2023,-,-,-,1132.52
NIFTY BHARAT BOND INDEX - APRIL 2031,19 Jan 2023,-,-,-,1134.75
NIFTY BHARAT BOND INDEX - APRIL 2031,18 Jan 2023,-,-,-,1133.63
NIFTY BHARAT BOND INDEX - APRIL 2031,17 Jan 2023,-,-,-,1133.4
NIFTY BHARAT BOND INDEX - APRIL 2031,16 Jan 2023,-,-,-,1133.18
NIFTY BHARAT BOND INDEX - APRIL 2031,13 Jan 2023,-,-,-,1132.82
NIFTY BHARAT BOND INDEX - APRIL 2031,12 Jan 2023,-,-,-,1133.04
NIFTY BHARAT BOND INDEX - APRIL 2031,11 Jan 2023,-,-,-,1132.86
NIFTY BHARAT BOND INDEX - APRIL 2031,10 Jan 2023,-,-,-,1132.42
NIFTY BHARAT BOND INDEX - APRIL 2031,09 Jan 2023,-,-,-,1133.28
NIFTY BHARAT BOND INDEX - APRIL 2031,06 Jan 2023,-,-,-,1132.6
NIFTY BHARAT BOND INDEX - APRIL 2031,05 Jan 2023,-,-,-,1132.38
NIFTY BHARAT BOND INDEX - APRIL 2031,04 Jan 2023,-,-,-,1132.15
NIFTY BHARAT BOND INDEX - APRIL 2031,03 Jan 2023,-,-,-,1132.07
NIFTY BHARAT BOND INDEX - APRIL 2031,02 Jan 2023,-,-,-,1131.84
NIFTY BHARAT BOND INDEX - APRIL 2031,30 Dec 2022,-,-,-,1130.98
NIFTY BHARAT BOND INDEX - APRIL 2031,29 Dec 2022,-,-,-,1131.35
NIFTY BHARAT BOND INDEX - APRIL 2031,27 Dec 2022,-,-,-,1133.45
NIFTY BHARAT BOND INDEX - APRIL 2031,26 Dec 2022,-,-,-,1133.22
NIFTY BHARAT BOND INDEX - APRIL 2031,23 Dec 2022,-,-,-,1132.55
NIFTY BHARAT BOND INDEX - APRIL 2031,22 Dec 2022,-,-,-,1133.45
NIFTY BHARAT BOND INDEX - APRIL 2031,21 Dec 2022,-,-,-,1133.25
NIFTY BHARAT BOND INDEX - APRIL 2031,20 Dec 2022,-,-,-,1133.23
NIFTY BHARAT BOND INDEX - APRIL 2031,19 Dec 2022,-,-,-,1133.24
NIFTY BHARAT BOND INDEX - APRIL 2031,16 Dec 2022,-,-,-,1132.57
NIFTY BHARAT BOND INDEX - APRIL 2031,15 Dec 2022,-,-,-,1133.01
NIFTY BHARAT BOND INDEX - APRIL 2031,14 Dec 2022,-,-,-,1133.94
NIFTY BHARAT BOND INDEX - APRIL 2031,13 Dec 2022,-,-,-,1132.76
NIFTY BHARAT BOND INDEX - APRIL 2031,12 Dec 2022,-,-,-,1133.04
NIFTY BHARAT BOND INDEX - APRIL 2031,09 Dec 2022,-,-,-,1132.25
NIFTY BHARAT BOND INDEX - APRIL 2031,08 Dec 2022,-,-,-,1132.03
NIFTY BHARAT BOND INDEX - APRIL 2031,07 Dec 2022,-,-,-,1130.87
NIFTY BHARAT BOND INDEX - APRIL 2031,06 Dec 2022,-,-,-,1131.35
NIFTY BHARAT BOND INDEX - APRIL 2031,05 Dec 2022,-,-,-,1131.41
NIFTY BHARAT BOND INDEX - APRIL 2031,02 Dec 2022,-,-,-,1130.74
NIFTY BHARAT BOND INDEX - APRIL 2031,01 Dec 2022,-,-,-,1130.79
NIFTY BHARAT BOND INDEX - APRIL 2031,30 Nov 2022,-,-,-,1129.66
NIFTY BHARAT BOND INDEX - APRIL 2031,29 Nov 2022,-,-,-,1129.44
NIFTY BHARAT BOND INDEX - APRIL 2031,28 Nov 2022,-,-,-,1130.64
NIFTY BHARAT BOND INDEX - APRIL 2031,25 Nov 2022,-,-,-,1128.23
NIFTY BHARAT BOND INDEX - APRIL 2031,24 Nov 2022,-,-,-,1128.01
NIFTY BHARAT BOND INDEX - APRIL 2031,23 Nov 2022,-,-,-,1127.78
NIFTY BHARAT BOND INDEX - APRIL 2031,22 Nov 2022,-,-,-,1128.12
NIFTY BHARAT BOND INDEX - APRIL 2031,21 Nov 2022,-,-,-,1128.01
NIFTY BHARAT BOND INDEX - APRIL 2031,18 Nov 2022,-,-,-,1127.56
NIFTY BHARAT BOND INDEX - APRIL 2031,17 Nov 2022,-,-,-,1127.63
NIFTY BHARAT BOND INDEX - APRIL 2031,16 Nov 2022,-,-,-,1122.78
NIFTY BHARAT BOND INDEX - APRIL 2031,15 Nov 2022,-,-,-,1122.06
NIFTY BHARAT BOND INDEX - APRIL 2031,14 Nov 2022,-,-,-,1121.69
NIFTY BHARAT BOND INDEX - APRIL 2031,11 Nov 2022,-,-,-,1116.32
NIFTY BHARAT BOND INDEX - APRIL 2031,10 Nov 2022,-,-,-,1115.38
NIFTY BHARAT BOND INDEX - APRIL 2031,09 Nov 2022,-,-,-,1115.44
NIFTY BHARAT BOND INDEX - APRIL 2031,07 Nov 2022,-,-,-,1113.65
NIFTY BHARAT BOND INDEX - APRIL 2031,04 Nov 2022,-,-,-,1112.97
NIFTY BHARAT BOND INDEX - APRIL 2031,03 Nov 2022,-,-,-,1112.73
NIFTY BHARAT BOND INDEX - APRIL 2031,02 Nov 2022,-,-,-,1112.86
NIFTY BHARAT BOND INDEX - APRIL 2031,01 Nov 2022,-,-,-,1112.6
NIFTY BHARAT BOND INDEX - APRIL 2031,31 Oct 2022,-,-,-,1110.57
NIFTY BHARAT BOND INDEX - APRIL 2031,28 Oct 2022,-,-,-,1109.38
NIFTY BHARAT BOND INDEX - APRIL 2031,27 Oct 2022,-,-,-,1111.21
NIFTY BHARAT BOND INDEX - APRIL 2031,25 Oct 2022,-,-,-,1109.48
NIFTY BHARAT BOND INDEX - APRIL 2031,24 Oct 2022,-,-,-,1109.26
NIFTY BHARAT BOND INDEX - APRIL 2031,21 Oct 2022,-,-,-,1108.58
NIFTY BHARAT BOND INDEX - APRIL 2031,20 Oct 2022,-,-,-,1110.11
NIFTY BHARAT BOND INDEX - APRIL 2031,19 Oct 2022,-,-,-,1109.14
NIFTY BHARAT BOND INDEX - APRIL 2031,18 Oct 2022,-,-,-,1107.44
NIFTY BHARAT BOND INDEX - APRIL 2031,17 Oct 2022,-,-,-,1103.67
NIFTY BHARAT BOND INDEX - APRIL 2031,14 Oct 2022,-,-,-,1103.39
NIFTY BHARAT BOND INDEX - APRIL 2031,13 Oct 2022,-,-,-,1106.18
NIFTY BHARAT BOND INDEX - APRIL 2031,12 Oct 2022,-,-,-,1104.37
NIFTY BHARAT BOND INDEX - APRIL 2031,11 Oct 2022,-,-,-,1097.79
NIFTY BHARAT BOND INDEX - APRIL 2031,10 Oct 2022,-,-,-,1097.88
NIFTY BHARAT BOND INDEX - APRIL 2031,07 Oct 2022,-,-,-,1104.39
NIFTY BHARAT BOND INDEX - APRIL 2031,06 Oct 2022,-,-,-,1104.17
NIFTY BHARAT BOND INDEX - APRIL 2031,04 Oct 2022,-,-,-,1104.54
NIFTY BHARAT BOND INDEX - APRIL 2031,03 Oct 2022,-,-,-,1102.64
NIFTY BHARAT BOND INDEX - APRIL 2031,30 Sep 2022,-,-,-,1105.16
NIFTY BHARAT BOND INDEX - APRIL 2031,29 Sep 2022,-,-,-,1104.09
NIFTY BHARAT BOND INDEX - APRIL 2031,28 Sep 2022,-,-,-,1103.41
NIFTY BHARAT BOND INDEX - APRIL 2031,27 Sep 2022,-,-,-,1104.0
NIFTY BHARAT BOND INDEX - APRIL 2031,26 Sep 2022,-,-,-,1104.46
NIFTY BHARAT BOND INDEX - APRIL 2031,23 Sep 2022,-,-,-,1107.46
NIFTY BHARAT BOND INDEX - APRIL 2031,22 Sep 2022,-,-,-,1108.95
NIFTY BHARAT BOND INDEX - APRIL 2031,21 Sep 2022,-,-,-,1111.82
NIFTY BHARAT BOND INDEX - APRIL 2031,20 Sep 2022,-,-,-,1111.98
NIFTY BHARAT BOND INDEX - APRIL 2031,19 Sep 2022,-,-,-,1113.06
NIFTY BHARAT BOND INDEX - APRIL 2031,16 Sep 2022,-,-,-,1112.89
NIFTY BHARAT BOND INDEX - APRIL 2031,15 Sep 2022,-,-,-,1120.11
NIFTY BHARAT BOND INDEX - APRIL 2031,14 Sep 2022,-,-,-,1121.67
NIFTY BHARAT BOND INDEX - APRIL 2031,13 Sep 2022,-,-,-,1121.46
NIFTY BHARAT BOND INDEX - APRIL 2031,12 Sep 2022,-,-,-,1121.0
NIFTY BHARAT BOND INDEX - APRIL 2031,09 Sep 2022,-,-,-,1121.74
NIFTY BHARAT BOND INDEX - APRIL 2031,08 Sep 2022,-,-,-,1121.52
NIFTY BHARAT BOND INDEX - APRIL 2031,07 Sep 2022,-,-,-,1119.47
NIFTY BHARAT BOND INDEX - APRIL 2031,06 Sep 2022,-,-,-,1120.22
NIFTY BHARAT BOND INDEX - APRIL 2031,05 Sep 2022,-,-,-,1116.1
NIFTY BHARAT BOND INDEX - APRIL 2031,02 Sep 2022,-,-,-,1115.44
NIFTY BHARAT BOND INDEX - APRIL 2031,01 Sep 2022,-,-,-,1115.24
NIFTY BHARAT BOND INDEX - APRIL 2031,30 Aug 2022,-,-,-,1114.8
NIFTY BHARAT BOND INDEX - APRIL 2031,29 Aug 2022,-,-,-,1114.42
NIFTY BHARAT BOND INDEX - APRIL 2031,26 Aug 2022,-,-,-,1113.77
NIFTY BHARAT BOND INDEX - APRIL 2031,25 Aug 2022,-,-,-,1109.63
NIFTY BHARAT BOND INDEX - APRIL 2031,24 Aug 2022,-,-,-,1109.87
NIFTY BHARAT BOND INDEX - APRIL 2031,23 Aug 2022,-,-,-,1108.71
NIFTY BHARAT BOND INDEX - APRIL 2031,22 Aug 2022,-,-,-,1108.77
NIFTY BHARAT BOND INDEX - APRIL 2031,19 Aug 2022,-,-,-,1107.16
NIFTY BHARAT BOND INDEX - APRIL 2031,18 Aug 2022,-,-,-,1105.14
NIFTY BHARAT BOND INDEX - APRIL 2031,17 Aug 2022,-,-,-,1105.69
NIFTY BHARAT BOND INDEX - APRIL 2031,16 Aug 2022,-,-,-,1102.71
NIFTY BHARAT BOND INDEX - APRIL 2031,12 Aug 2022,-,-,-,1101.83
NIFTY BHARAT BOND INDEX - APRIL 2031,11 Aug 2022,-,-,-,1097.73
NIFTY BHARAT BOND INDEX - APRIL 2031,10 Aug 2022,-,-,-,1097.04
NIFTY BHARAT BOND INDEX - APRIL 2031,08 Aug 2022,-,-,-,1098.1
NIFTY BHARAT BOND INDEX - APRIL 2031,05 Aug 2022,-,-,-,1099.89
NIFTY BHARAT BOND INDEX - APRIL 2031,04 Aug 2022,-,-,-,1103.54
NIFTY BHARAT BOND INDEX - APRIL 2031,03 Aug 2022,-,-,-,1100.09
NIFTY BHARAT BOND INDEX - APRIL 2031,02 Aug 2022,-,-,-,1097.31
NIFTY BHARAT BOND INDEX - APRIL 2031,01 Aug 2022,-,-,-,1095.39
NIFTY BHARAT BOND INDEX - APRIL 2031,29 Jul 2022,-,-,-,1095.24
NIFTY BHARAT BOND INDEX - APRIL 2031,28 Jul 2022,-,-,-,1093.18
NIFTY BHARAT BOND INDEX - APRIL 2031,27 Jul 2022,-,-,-,1092.35
NIFTY BHARAT BOND INDEX - APRIL 2031,26 Jul 2022,-,-,-,1092.04
NIFTY BHARAT BOND INDEX - APRIL 2031,25 Jul 2022,-,-,-,1089.05
NIFTY BHARAT BOND INDEX - APRIL 2031,22 Jul 2022,-,-,-,1088.66
NIFTY BHARAT BOND INDEX - APRIL 2031,21 Jul 2022,-,-,-,1088.12
NIFTY BHARAT BOND INDEX - APRIL 2031,20 Jul 2022,-,-,-,1087.88
NIFTY BHARAT BOND INDEX - APRIL 2031,19 Jul 2022,-,-,-,1087.14
NIFTY BHARAT BOND INDEX - APRIL 2031,18 Jul 2022,-,-,-,1088.2
NIFTY BHARAT BOND INDEX - APRIL 2031,15 Jul 2022,-,-,-,1087.29
NIFTY BHARAT BOND INDEX - APRIL 2031,14 Jul 2022,-,-,-,1087.78
NIFTY BHARAT BOND INDEX - APRIL 2031,13 Jul 2022,-,-,-,1087.56
NIFTY BHARAT BOND INDEX - APRIL 2031,12 Jul 2022,-,-,-,1087.34
NIFTY BHARAT BOND INDEX - APRIL 2031,11 Jul 2022,-,-,-,1084.98
NIFTY BHARAT BOND INDEX - APRIL 2031,08 Jul 2022,-,-,-,1085.64
NIFTY BHARAT BOND INDEX - APRIL 2031,07 Jul 2022,-,-,-,1087.4
NIFTY BHARAT BOND INDEX - APRIL 2031,06 Jul 2022,-,-,-,1087.83
NIFTY BHARAT BOND INDEX - APRIL 2031,05 Jul 2022,-,-,-,1082.46
NIFTY BHARAT BOND INDEX - APRIL 2031,04 Jul 2022,-,-,-,1082.67
NIFTY BHARAT BOND INDEX - APRIL 2031,01 Jul 2022,-,-,-,1077.14
NIFTY BHARAT BOND INDEX - APRIL 2031,30 Jun 2022,-,-,-,1076.92
NIFTY BHARAT BOND INDEX - APRIL 2031,29 Jun 2022,-,-,-,1075.35
NIFTY BHARAT BOND INDEX - APRIL 2031,28 Jun 2022,-,-,-,1074.62
NIFTY BHARAT BOND INDEX - APRIL 2031,27 Jun 2022,-,-,-,1074.85
NIFTY BHARAT BOND INDEX - APRIL 2031,24 Jun 2022,-,-,-,1075.48
NIFTY BHARAT BOND INDEX - APRIL 2031,23 Jun 2022,-,-,-,1075.26
NIFTY BHARAT BOND INDEX - APRIL 2031,22 Jun 2022,-,-,-,1076.18
NIFTY BHARAT BOND INDEX - APRIL 2031,21 Jun 2022,-,-,-,1074.87
NIFTY BHARAT BOND INDEX - APRIL 2031,20 Jun 2022,-,-,-,1076.1
NIFTY BHARAT BOND INDEX - APRIL 2031,17 Jun 2022,-,-,-,1067.86
NIFTY BHARAT BOND INDEX - APRIL 2031,16 Jun 2022,-,-,-,1068.58
NIFTY BHARAT BOND INDEX - APRIL 2031,15 Jun 2022,-,-,-,1067.14
NIFTY BHARAT BOND INDEX - APRIL 2031,14 Jun 2022,-,-,-,1066.08
NIFTY BHARAT BOND INDEX - APRIL 2031,13 Jun 2022,-,-,-,1066.9
NIFTY BHARAT BOND INDEX - APRIL 2031,10 Jun 2022,-,-,-,1071.64
NIFTY BHARAT BOND INDEX - APRIL 2031,09 Jun 2022,-,-,-,1072.04
NIFTY BHARAT BOND INDEX - APRIL 2031,08 Jun 2022,-,-,-,1071.24
NIFTY BHARAT BOND INDEX - APRIL 2031,07 Jun 2022,-,-,-,1070.84
NIFTY BHARAT BOND INDEX - APRIL 2031,06 Jun 2022,-,-,-,1071.4
NIFTY BHARAT BOND INDEX - APRIL 2031,03 Jun 2022,-,-,-,1074.45
NIFTY BHARAT BOND INDEX - APRIL 2031,02 Jun 2022,-,-,-,1076.13
NIFTY BHARAT BOND INDEX - APRIL 2031,01 Jun 2022,-,-,-,1076.17
NIFTY BHARAT BOND INDEX - APRIL 2031,31 May 2022,-,-,-,1076.09
NIFTY BHARAT BOND INDEX - APRIL 2031,30 May 2022,-,-,-,1075.62
NIFTY BHARAT BOND INDEX - APRIL 2031,27 May 2022,-,-,-,1074.5
NIFTY BHARAT BOND INDEX - APRIL 2031,26 May 2022,-,-,-,1073.94
NIFTY BHARAT BOND INDEX - APRIL 2031,25 May 2022,-,-,-,1073.57
NIFTY BHARAT BOND INDEX - APRIL 2031,24 May 2022,-,-,-,1073.72
NIFTY BHARAT BOND INDEX - APRIL 2031,23 May 2022,-,-,-,1074.09
NIFTY BHARAT BOND INDEX - APRIL 2031,20 May 2022,-,-,-,1074.19
NIFTY BHARAT BOND INDEX - APRIL 2031,19 May 2022,-,-,-,1073.97
NIFTY BHARAT BOND INDEX - APRIL 2031,18 May 2022,-,-,-,1074.32
NIFTY BHARAT BOND INDEX - APRIL 2031,17 May 2022,-,-,-,1074.24
NIFTY BHARAT BOND INDEX - APRIL 2031,16 May 2022,-,-,-,1074.71
NIFTY BHARAT BOND INDEX - APRIL 2031,13 May 2022,-,-,-,1074.05
NIFTY BHARAT BOND INDEX - APRIL 2031,12 May 2022,-,-,-,1073.33
NIFTY BHARAT BOND INDEX - APRIL 2031,11 May 2022,-,-,-,1072.65
NIFTY BHARAT BOND INDEX - APRIL 2031,10 May 2022,-,-,-,1072.34
NIFTY BHARAT BOND INDEX - APRIL 2031,09 May 2022,-,-,-,1068.95
NIFTY BHARAT BOND INDEX - APRIL 2031,06 May 2022,-,-,-,1068.29
NIFTY BHARAT BOND INDEX - APRIL 2031,05 May 2022,-,-,-,1067.76
NIFTY BHARAT BOND INDEX - APRIL 2031,04 May 2022,-,-,-,1067.56
NIFTY BHARAT BOND INDEX - APRIL 2031,02 May 2022,-,-,-,1095.08
NIFTY BHARAT BOND INDEX - APRIL 2031,29 Apr 2022,-,-,-,1094.37
NIFTY BHARAT BOND INDEX - APRIL 2031,28 Apr 2022,-,-,-,1093.6
NIFTY BHARAT BOND INDEX - APRIL 2031,27 Apr 2022,-,-,-,1093.85
NIFTY BHARAT BOND INDEX - APRIL 2031,26 Apr 2022,-,-,-,1093.33
NIFTY BHARAT BOND INDEX - APRIL 2031,25 Apr 2022,-,-,-,1090.93
NIFTY BHARAT BOND INDEX - APRIL 2031,22 Apr 2022,-,-,-,1090.3
NIFTY BHARAT BOND INDEX - APRIL 2031,21 Apr 2022,-,-,-,1090.08
NIFTY BHARAT BOND INDEX - APRIL 2031,20 Apr 2022,-,-,-,1089.21
NIFTY BHARAT BOND INDEX - APRIL 2031,19 Apr 2022,-,-,-,1089.0
NIFTY BHARAT BOND INDEX - APRIL 2031,18 Apr 2022,-,-,-,1090.72
NIFTY BHARAT BOND INDEX - APRIL 2031,13 Apr 2022,-,-,-,1088.79
NIFTY BHARAT BOND INDEX - APRIL 2031,12 Apr 2022,-,-,-,1092.38
NIFTY BHARAT BOND INDEX - APRIL 2031,11 Apr 2022,-,-,-,1092.17
NIFTY BHARAT BOND INDEX - APRIL 2031,08 Apr 2022,-,-,-,1098.42
NIFTY BHARAT BOND INDEX - APRIL 2031,07 Apr 2022,-,-,-,1108.23
NIFTY BHARAT BOND INDEX - APRIL 2031,06 Apr 2022,-,-,-,1108.05
NIFTY BHARAT BOND INDEX - APRIL 2031,05 Apr 2022,-,-,-,1107.9
NIFTY BHARAT BOND INDEX - APRIL 2031,01 Apr 2022,-,-,-,1106.95
NIFTY BHARAT BOND INDEX - APRIL 2031,31 Mar 2022,-,-,-,1106.74
NIFTY BHARAT BOND INDEX - APRIL 2031,30 Mar 2022,-,-,-,1105.92
NIFTY BHARAT BOND INDEX - APRIL 2031,29 Mar 2022,-,-,-,1104.72
NIFTY BHARAT BOND INDEX - APRIL 2031,28 Mar 2022,-,-,-,1104.65
NIFTY BHARAT BOND INDEX - APRIL 2031,25 Mar 2022,-,-,-,1104.11
NIFTY BHARAT BOND INDEX - APRIL 2031,24 Mar 2022,-,-,-,1102.88
NIFTY BHARAT BOND INDEX - APRIL 2031,23 Mar 2022,-,-,-,1104.36
NIFTY BHARAT BOND INDEX - APRIL 2031,22 Mar 2022,-,-,-,1105.51
NIFTY BHARAT BOND INDEX - APRIL 2031,21 Mar 2022,-,-,-,1104.91
NIFTY BHARAT BOND INDEX - APRIL 2031,17 Mar 2022,-,-,-,1103.82
NIFTY BHARAT BOND INDEX - APRIL 2031,16 Mar 2022,-,-,-,1101.21
NIFTY BHARAT BOND INDEX - APRIL 2031,15 Mar 2022,-,-,-,1103.03
NIFTY BHARAT BOND INDEX - APRIL 2031,14 Mar 2022,-,-,-,1099.85
NIFTY BHARAT BOND INDEX - APRIL 2031,11 Mar 2022,-,-,-,1100.06
NIFTY BHARAT BOND INDEX - APRIL 2031,10 Mar 2022,-,-,-,1100.48
NIFTY BHARAT BOND INDEX - APRIL 2031,09 Mar 2022,-,-,-,1098.35
NIFTY BHARAT BOND INDEX - APRIL 2031,08 Mar 2022,-,-,-,1100.0
NIFTY BHARAT BOND INDEX - APRIL 2031,07 Mar 2022,-,-,-,1099.76
NIFTY BHARAT BOND INDEX - APRIL 2031,04 Mar 2022,-,-,-,1099.14
NIFTY BHARAT BOND INDEX - APRIL 2031,03 Mar 2022,-,-,-,1099.48
NIFTY BHARAT BOND INDEX - APRIL 2031,02 Mar 2022,-,-,-,1101.68
NIFTY BHARAT BOND INDEX - APRIL 2031,01 Mar 2022,-,-,-,1103.08
NIFTY BHARAT BOND INDEX - APRIL 2031,28 Feb 2022,-,-,-,1102.88
NIFTY BHARAT BOND INDEX - APRIL 2031,25 Feb 2022,-,-,-,1102.27
NIFTY BHARAT BOND INDEX - APRIL 2031,24 Feb 2022,-,-,-,1102.78
NIFTY BHARAT BOND INDEX - APRIL 2031,23 Feb 2022,-,-,-,1101.89
NIFTY BHARAT BOND INDEX - APRIL 2031,22 Feb 2022,-,-,-,1103.27
NIFTY BHARAT BOND INDEX - APRIL 2031,21 Feb 2022,-,-,-,1102.3
NIFTY BHARAT BOND INDEX - APRIL 2031,18 Feb 2022,-,-,-,1101.69
NIFTY BHARAT BOND INDEX - APRIL 2031,17 Feb 2022,-,-,-,1101.68
NIFTY BHARAT BOND INDEX - APRIL 2031,16 Feb 2022,-,-,-,1101.39
NIFTY BHARAT BOND INDEX - APRIL 2031,15 Feb 2022,-,-,-,1103.15
NIFTY BHARAT BOND INDEX - APRIL 2031,14 Feb 2022,-,-,-,1097.73
NIFTY BHARAT BOND INDEX - APRIL 2031,11 Feb 2022,-,-,-,1095.85
NIFTY BHARAT BOND INDEX - APRIL 2031,10 Feb 2022,-,-,-,1096.05
NIFTY BHARAT BOND INDEX - APRIL 2031,09 Feb 2022,-,-,-,1090.41
NIFTY BHARAT BOND INDEX - APRIL 2031,08 Feb 2022,-,-,-,1083.97
NIFTY BHARAT BOND INDEX - APRIL 2031,07 Feb 2022,-,-,-,1083.7
NIFTY BHARAT BOND INDEX - APRIL 2031,04 Feb 2022,-,-,-,1083.08
NIFTY BHARAT BOND INDEX - APRIL 2031,03 Feb 2022,-,-,-,1083.48
NIFTY BHARAT BOND INDEX - APRIL 2031,02 Feb 2022,-,-,-,1084.18
NIFTY BHARAT BOND INDEX - APRIL 2031,01 Feb 2022,-,-,-,1086.9
NIFTY BHARAT BOND INDEX - APRIL 2031,31 Jan 2022,-,-,-,1092.21
NIFTY BHARAT BOND INDEX - APRIL 2031,28 Jan 2022,-,-,-,1088.27
NIFTY BHARAT BOND INDEX - APRIL 2031,27 Jan 2022,-,-,-,1089.57
NIFTY BHARAT BOND INDEX - APRIL 2031,25 Jan 2022,-,-,-,1089.16
NIFTY BHARAT BOND INDEX - APRIL 2031,24 Jan 2022,-,-,-,1091.89
NIFTY BHARAT BOND INDEX - APRIL 2031,21 Jan 2022,-,-,-,1091.66
NIFTY BHARAT BOND INDEX - APRIL 2031,20 Jan 2022,-,-,-,1091.49
NIFTY BHARAT BOND INDEX - APRIL 2031,19 Jan 2022,-,-,-,1091.12
NIFTY BHARAT BOND INDEX - APRIL 2031,18 Jan 2022,-,-,-,1090.23
NIFTY BHARAT BOND INDEX - APRIL 2031,17 Jan 2022,-,-,-,1088.63
NIFTY BHARAT BOND INDEX - APRIL 2031,14 Jan 2022,-,-,-,1092.54
NIFTY BHARAT BOND INDEX - APRIL 2031,13 Jan 2022,-,-,-,1090.77
NIFTY BHARAT BOND INDEX - APRIL 2031,12 Jan 2022,-,-,-,1091.56
NIFTY BHARAT BOND INDEX - APRIL 2031,11 Jan 2022,-,-,-,1091.75
NIFTY BHARAT BOND INDEX - APRIL 2031,10 Jan 2022,-,-,-,1093.25
NIFTY BHARAT BOND INDEX - APRIL 2031,07 Jan 2022,-,-,-,1093.62
NIFTY BHARAT BOND INDEX - APRIL 2031,06 Jan 2022,-,-,-,1092.49
NIFTY BHARAT BOND INDEX - APRIL 2031,05 Jan 2022,-,-,-,1095.09
NIFTY BHARAT BOND INDEX - APRIL 2031,04 Jan 2022,-,-,-,1095.36
NIFTY BHARAT BOND INDEX - APRIL 2031,03 Jan 2022,-,-,-,1097.6
NIFTY BHARAT BOND INDEX - APRIL 2031,31 Dec 2021,-,-,-,1096.98
NIFTY BHARAT BOND INDEX - APRIL 2031,30 Dec 2021,-,-,-,1096.44
NIFTY BHARAT BOND INDEX - APRIL 2031,29 Dec 2021,-,-,-,1096.66
NIFTY BHARAT BOND INDEX - APRIL 2031,28 Dec 2021,-,-,-,1097.53
NIFTY BHARAT BOND INDEX - APRIL 2031,27 Dec 2021,-,-,-,1097.96
NIFTY BHARAT BOND INDEX - APRIL 2031,24 Dec 2021,-,-,-,1097.25
NIFTY BHARAT BOND INDEX - APRIL 2031,23 Dec 2021,-,-,-,1097.1
NIFTY BHARAT BOND INDEX - APRIL 2031,22 Dec 2021,-,-,-,1097.46
NIFTY BHARAT BOND INDEX - APRIL 2031,21 Dec 2021,-,-,-,1098.45
NIFTY BHARAT BOND INDEX - APRIL 2031,20 Dec 2021,-,-,-,1101.25
NIFTY BHARAT BOND INDEX - APRIL 2031,17 Dec 2021,-,-,-,1101.59
NIFTY BHARAT BOND INDEX - APRIL 2031,16 Dec 2021,-,-,-,1102.66
NIFTY BHARAT BOND INDEX - APRIL 2031,15 Dec 2021,-,-,-,1102.41
NIFTY BHARAT BOND INDEX - APRIL 2031,14 Dec 2021,-,-,-,1100.78
NIFTY BHARAT BOND INDEX - APRIL 2031,13 Dec 2021,-,-,-,1100.69
NIFTY BHARAT BOND INDEX - APRIL 2031,10 Dec 2021,-,-,-,1099.76
NIFTY BHARAT BOND INDEX - APRIL 2031,09 Dec 2021,-,-,-,1099.56
NIFTY BHARAT BOND INDEX - APRIL 2031,08 Dec 2021,-,-,-,1099.09
NIFTY BHARAT BOND INDEX - APRIL 2031,07 Dec 2021,-,-,-,1098.73
NIFTY BHARAT BOND INDEX - APRIL 2031,06 Dec 2021,-,-,-,1099.26
NIFTY BHARAT BOND INDEX - APRIL 2031,03 Dec 2021,-,-,-,1099.19
NIFTY BHARAT BOND INDEX - APRIL 2031,02 Dec 2021,-,-,-,1098.95
NIFTY BHARAT BOND INDEX - APRIL 2031,01 Dec 2021,-,-,-,1098.05
NIFTY BHARAT BOND INDEX - APRIL 2031,30 Nov 2021,-,-,-,1097.06
NIFTY BHARAT BOND INDEX - APRIL 2031,29 Nov 2021,-,-,-,1096.52
NIFTY BHARAT BOND INDEX - APRIL 2031,26 Nov 2021,-,-,-,1095.95
NIFTY BHARAT BOND INDEX - APRIL 2031,25 Nov 2021,-,-,-,1095.14
NIFTY BHARAT BOND INDEX - APRIL 2031,24 Nov 2021,-,-,-,1095.05
NIFTY BHARAT BOND INDEX - APRIL 2031,23 Nov 2021,-,-,-,1095.5
NIFTY BHARAT BOND INDEX - APRIL 2031,22 Nov 2021,-,-,-,1094.0
NIFTY BHARAT BOND INDEX - APRIL 2031,18 Nov 2021,-,-,-,1093.37
NIFTY BHARAT BOND INDEX - APRIL 2031,17 Nov 2021,-,-,-,1093.05
NIFTY BHARAT BOND INDEX - APRIL 2031,16 Nov 2021,-,-,-,1093.16
NIFTY BHARAT BOND INDEX - APRIL 2031,15 Nov 2021,-,-,-,1092.93
NIFTY BHARAT BOND INDEX - APRIL 2031,12 Nov 2021,-,-,-,1092.2
NIFTY BHARAT BOND INDEX - APRIL 2031,11 Nov 2021,-,-,-,1091.96
NIFTY BHARAT BOND INDEX - APRIL 2031,10 Nov 2021,-,-,-,1089.66
NIFTY BHARAT BOND INDEX - APRIL 2031,09 Nov 2021,-,-,-,1087.52
NIFTY BHARAT BOND INDEX - APRIL 2031,08 Nov 2021,-,-,-,1089.22
NIFTY BHARAT BOND INDEX - APRIL 2031,04 Nov 2021,-,-,-,1087.34
NIFTY BHARAT BOND INDEX - APRIL 2031,03 Nov 2021,-,-,-,1087.15
NIFTY BHARAT BOND INDEX - APRIL 2031,02 Nov 2021,-,-,-,1087.48
NIFTY BHARAT BOND INDEX - APRIL 2031,01 Nov 2021,-,-,-,1087.49
NIFTY BHARAT BOND INDEX - APRIL 2031,29 Oct 2021,-,-,-,1087.59
NIFTY BHARAT BOND INDEX - APRIL 2031,28 Oct 2021,-,-,-,1087.45
NIFTY BHARAT BOND INDEX - APRIL 2031,27 Oct 2021,-,-,-,1087.04
NIFTY BHARAT BOND INDEX - APRIL 2031,26 Oct 2021,-,-,-,1085.3
NIFTY BHARAT BOND INDEX - APRIL 2031,25 Oct 2021,-,-,-,1085.25
NIFTY BHARAT BOND INDEX - APRIL 2031,22 Oct 2021,-,-,-,1083.38
NIFTY BHARAT BOND INDEX - APRIL 2031,21 Oct 2021,-,-,-,1082.48
NIFTY BHARAT BOND INDEX - APRIL 2031,20 Oct 2021,-,-,-,1082.64
NIFTY BHARAT BOND INDEX - APRIL 2031,19 Oct 2021,-,-,-,1083.0
NIFTY BHARAT BOND INDEX - APRIL 2031,18 Oct 2021,-,-,-,1082.8
NIFTY BHARAT BOND INDEX - APRIL 2031,14 Oct 2021,-,-,-,1085.18
NIFTY BHARAT BOND INDEX - APRIL 2031,13 Oct 2021,-,-,-,1083.66
NIFTY BHARAT BOND INDEX - APRIL 2031,12 Oct 2021,-,-,-,1083.86
NIFTY BHARAT BOND INDEX - APRIL 2031,11 Oct 2021,-,-,-,1083.13
NIFTY BHARAT BOND INDEX - APRIL 2031,08 Oct 2021,-,-,-,1083.52
NIFTY BHARAT BOND INDEX - APRIL 2031,07 Oct 2021,-,-,-,1085.13
NIFTY BHARAT BOND INDEX - APRIL 2031,06 Oct 2021,-,-,-,1083.77
NIFTY BHARAT BOND INDEX - APRIL 2031,05 Oct 2021,-,-,-,1085.37
NIFTY BHARAT BOND INDEX - APRIL 2031,04 Oct 2021,-,-,-,1085.63
NIFTY BHARAT BOND INDEX - APRIL 2031,01 Oct 2021,-,-,-,1085.49
NIFTY BHARAT BOND INDEX - APRIL 2031,30 Sep 2021,-,-,-,1087.59
NIFTY BHARAT BOND INDEX - APRIL 2031,29 Sep 2021,-,-,-,1085.78
NIFTY BHARAT BOND INDEX - APRIL 2031,28 Sep 2021,-,-,-,1085.59
NIFTY BHARAT BOND INDEX - APRIL 2031,27 Sep 2021,-,-,-,1087.87
NIFTY BHARAT BOND INDEX - APRIL 2031,24 Sep 2021,-,-,-,1087.28
NIFTY BHARAT BOND INDEX - APRIL 2031,23 Sep 2021,-,-,-,1090.42
NIFTY BHARAT BOND INDEX - APRIL 2031,22 Sep 2021,-,-,-,1089.12
NIFTY BHARAT BOND INDEX - APRIL 2031,21 Sep 2021,-,-,-,1089.59
NIFTY BHARAT BOND INDEX - APRIL 2031,20 Sep 2021,-,-,-,1087.41
NIFTY BHARAT BOND INDEX - APRIL 2031,17 Sep 2021,-,-,-,1084.54
NIFTY BHARAT BOND INDEX - APRIL 2031,16 Sep 2021,-,-,-,1083.81
NIFTY BHARAT BOND INDEX - APRIL 2031,15 Sep 2021,-,-,-,1082.36
NIFTY BHARAT BOND INDEX - APRIL 2031,14 Sep 2021,-,-,-,1081.44
NIFTY BHARAT BOND INDEX - APRIL 2031,13 Sep 2021,-,-,-,1081.31
NIFTY BHARAT BOND INDEX - APRIL 2031,09 Sep 2021,-,-,-,1079.78
NIFTY BHARAT BOND INDEX - APRIL 2031,08 Sep 2021,-,-,-,1079.94
NIFTY BHARAT BOND INDEX - APRIL 2031,07 Sep 2021,-,-,-,1081.79
NIFTY BHARAT BOND INDEX - APRIL 2031,06 Sep 2021,-,-,-,1080.12
NIFTY BHARAT BOND INDEX - APRIL 2031,03 Sep 2021,-,-,-,1079.2
NIFTY BHARAT BOND INDEX - APRIL 2031,02 Sep 2021,-,-,-,1076.63
NIFTY BHARAT BOND INDEX - APRIL 2031,01 Sep 2021,-,-,-,1075.12
NIFTY BHARAT BOND INDEX - APRIL 2031,31 Aug 2021,-,-,-,1074.3
NIFTY BHARAT BOND INDEX - APRIL 2031,30 Aug 2021,-,-,-,1074.3
NIFTY BHARAT BOND INDEX - APRIL 2031,27 Aug 2021,-,-,-,1070.33
NIFTY BHARAT BOND INDEX - APRIL 2031,26 Aug 2021,-,-,-,1071.29
NIFTY BHARAT BOND INDEX - APRIL 2031,25 Aug 2021,-,-,-,1072.6
NIFTY BHARAT BOND INDEX - APRIL 2031,24 Aug 2021,-,-,-,1070.81
NIFTY BHARAT BOND INDEX - APRIL 2031,23 Aug 2021,-,-,-,1070.79
NIFTY BHARAT BOND INDEX - APRIL 2031,20 Aug 2021,-,-,-,1071.8
NIFTY BHARAT BOND INDEX - APRIL 2031,18 Aug 2021,-,-,-,1068.43
NIFTY BHARAT BOND INDEX - APRIL 2031,17 Aug 2021,-,-,-,1066.99
NIFTY BHARAT BOND INDEX - APRIL 2031,16 Aug 2021,-,-,-,1066.47
NIFTY BHARAT BOND INDEX - APRIL 2031,13 Aug 2021,-,-,-,1065.88
NIFTY BHARAT BOND INDEX - APRIL 2031,12 Aug 2021,-,-,-,1065.27
NIFTY BHARAT BOND INDEX - APRIL 2031,11 Aug 2021,-,-,-,1064.35
NIFTY BHARAT BOND INDEX - APRIL 2031,10 Aug 2021,-,-,-,1065.31
NIFTY BHARAT BOND INDEX - APRIL 2031,09 Aug 2021,-,-,-,1063.92
NIFTY BHARAT BOND INDEX - APRIL 2031,06 Aug 2021,-,-,-,1066.8
NIFTY BHARAT BOND INDEX - APRIL 2031,05 Aug 2021,-,-,-,1069.17
NIFTY BHARAT BOND INDEX - APRIL 2031,04 Aug 2021,-,-,-,1068.53
NIFTY BHARAT BOND INDEX - APRIL 2031,03 Aug 2021,-,-,-,1068.15
NIFTY BHARAT BOND INDEX - APRIL 2031,02 Aug 2021,-,-,-,1067.74
NIFTY BHARAT BOND INDEX - APRIL 2031,30 Jul 2021,-,-,-,1067.7
NIFTY BHARAT BOND INDEX - APRIL 2031,29 Jul 2021,-,-,-,1066.28
NIFTY BHARAT BOND INDEX - APRIL 2031,28 Jul 2021,-,-,-,1066.45
NIFTY BHARAT BOND INDEX - APRIL 2031,27 Jul 2021,-,-,-,1065.72
NIFTY BHARAT BOND INDEX - APRIL 2031,26 Jul 2021,-,-,-,1066.5
NIFTY BHARAT BOND INDEX - APRIL 2031,23 Jul 2021,-,-,-,1067.42
NIFTY BHARAT BOND INDEX - APRIL 2031,22 Jul 2021,-,-,-,1067.83
NIFTY BHARAT BOND INDEX - APRIL 2031,20 Jul 2021,-,-,-,1067.45
NIFTY BHARAT BOND INDEX - APRIL 2031,19 Jul 2021,-,-,-,1067.24
NIFTY BHARAT BOND INDEX - APRIL 2031,16 Jul 2021,-,-,-,1066.5
NIFTY BHARAT BOND INDEX - APRIL 2031,15 Jul 2021,-,-,-,1066.04
NIFTY BHARAT BOND INDEX - APRIL 2031,14 Jul 2021,-,-,-,1065.85
NIFTY BHARAT BOND INDEX - APRIL 2031,13 Jul 2021,-,-,-,1066.44
NIFTY BHARAT BOND INDEX - APRIL 2031,12 Jul 2021,-,-,-,1063.73
NIFTY BHARAT BOND INDEX - APRIL 2031,09 Jul 2021,-,-,-,1064.97
NIFTY BHARAT BOND INDEX - APRIL 2031,08 Jul 2021,-,-,-,1063.96
NIFTY BHARAT BOND INDEX - APRIL 2031,07 Jul 2021,-,-,-,1062.66
NIFTY BHARAT BOND INDEX - APRIL 2031,06 Jul 2021,-,-,-,1063.54
NIFTY BHARAT BOND INDEX - APRIL 2031,05 Jul 2021,-,-,-,1066.23
NIFTY BHARAT BOND INDEX - APRIL 2031,02 Jul 2021,-,-,-,1065.41
NIFTY BHARAT BOND INDEX - APRIL 2031,01 Jul 2021,-,-,-,1064.37
NIFTY BHARAT BOND INDEX - APRIL 2031,30 Jun 2021,-,-,-,1063.44
NIFTY BHARAT BOND INDEX - APRIL 2031,29 Jun 2021,-,-,-,1064.51
NIFTY BHARAT BOND INDEX - APRIL 2031,28 Jun 2021,-,-,-,1064.65
NIFTY BHARAT BOND INDEX - APRIL 2031,25 Jun 2021,-,-,-,1065.17
NIFTY BHARAT BOND INDEX - APRIL 2031,24 Jun 2021,-,-,-,1066.46
NIFTY BHARAT BOND INDEX - APRIL 2031,23 Jun 2021,-,-,-,1065.88
NIFTY BHARAT BOND INDEX - APRIL 2031,22 Jun 2021,-,-,-,1066.04
NIFTY BHARAT BOND INDEX - APRIL 2031,21 Jun 2021,-,-,-,1068.93
NIFTY BHARAT BOND INDEX - APRIL 2031,18 Jun 2021,-,-,-,1068.35
NIFTY BHARAT BOND INDEX - APRIL 2031,17 Jun 2021,-,-,-,1066.52
NIFTY BHARAT BOND INDEX - APRIL 2031,16 Jun 2021,-,-,-,1070.93
NIFTY BHARAT BOND INDEX - APRIL 2031,15 Jun 2021,-,-,-,1074.83
NIFTY BHARAT BOND INDEX - APRIL 2031,14 Jun 2021,-,-,-,1074.64
NIFTY BHARAT BOND INDEX - APRIL 2031,11 Jun 2021,-,-,-,1072.15
NIFTY BHARAT BOND INDEX - APRIL 2031,10 Jun 2021,-,-,-,1072.34
NIFTY BHARAT BOND INDEX - APRIL 2031,09 Jun 2021,-,-,-,1069.47
NIFTY BHARAT BOND INDEX - APRIL 2031,08 Jun 2021,-,-,-,1068.02
NIFTY BHARAT BOND INDEX - APRIL 2031,07 Jun 2021,-,-,-,1064.35
NIFTY BHARAT BOND INDEX - APRIL 2031,04 Jun 2021,-,-,-,1063.71
NIFTY BHARAT BOND INDEX - APRIL 2031,03 Jun 2021,-,-,-,1063.38
NIFTY BHARAT BOND INDEX - APRIL 2031,02 Jun 2021,-,-,-,1064.09
NIFTY BHARAT BOND INDEX - APRIL 2031,01 Jun 2021,-,-,-,1062.42
NIFTY BHARAT BOND INDEX - APRIL 2031,31 May 2021,-,-,-,1062.3
NIFTY BHARAT BOND INDEX - APRIL 2031,28 May 2021,-,-,-,1063.57
NIFTY BHARAT BOND INDEX - APRIL 2031,27 May 2021,-,-,-,1065.16
NIFTY BHARAT BOND INDEX - APRIL 2031,26 May 2021,-,-,-,1063.78
NIFTY BHARAT BOND INDEX - APRIL 2031,25 May 2021,-,-,-,1063.59
NIFTY BHARAT BOND INDEX - APRIL 2031,24 May 2021,-,-,-,1062.47
NIFTY BHARAT BOND INDEX - APRIL 2031,21 May 2021,-,-,-,1062.7
NIFTY BHARAT BOND INDEX - APRIL 2031,20 May 2021,-,-,-,1061.44
NIFTY BHARAT BOND INDEX - APRIL 2031,19 May 2021,-,-,-,1062.36
NIFTY BHARAT BOND INDEX - APRIL 2031,18 May 2021,-,-,-,1060.43
NIFTY BHARAT BOND INDEX - APRIL 2031,17 May 2021,-,-,-,1059.85
NIFTY BHARAT BOND INDEX - APRIL 2031,14 May 2021,-,-,-,1060.49
NIFTY BHARAT BOND INDEX - APRIL 2031,12 May 2021,-,-,-,1059.53
NIFTY BHARAT BOND INDEX - APRIL 2031,11 May 2021,-,-,-,1057.14
NIFTY BHARAT BOND INDEX - APRIL 2031,10 May 2021,-,-,-,1058.48
NIFTY BHARAT BOND INDEX - APRIL 2031,07 May 2021,-,-,-,1058.43
NIFTY BHARAT BOND INDEX - APRIL 2031,06 May 2021,-,-,-,1058.23
NIFTY BHARAT BOND INDEX - APRIL 2031,05 May 2021,-,-,-,1057.92
NIFTY BHARAT BOND INDEX - APRIL 2031,04 May 2021,-,-,-,1057.0
NIFTY BHARAT BOND INDEX - APRIL 2031,03 May 2021,-,-,-,1056.81
NIFTY BHARAT BOND INDEX - APRIL 2031,30 Apr 2021,-,-,-,1054.32
NIFTY BHARAT BOND INDEX - APRIL 2031,29 Apr 2021,-,-,-,1053.75
NIFTY BHARAT BOND INDEX - APRIL 2031,28 Apr 2021,-,-,-,1053.81
NIFTY BHARAT BOND INDEX - APRIL 2031,27 Apr 2021,-,-,-,1054.54
NIFTY BHARAT BOND INDEX - APRIL 2031,26 Apr 2021,-,-,-,1054.28
NIFTY BHARAT BOND INDEX - APRIL 2031,23 Apr 2021,-,-,-,1056.09
NIFTY BHARAT BOND INDEX - APRIL 2031,22 Apr 2021,-,-,-,1056.09
NIFTY BHARAT BOND INDEX - APRIL 2031,20 Apr 2021,-,-,-,1052.26
NIFTY BHARAT BOND INDEX - APRIL 2031,19 Apr 2021,-,-,-,1052.45
NIFTY BHARAT BOND INDEX - APRIL 2031,16 Apr 2021,-,-,-,1047.24
NIFTY BHARAT BOND INDEX - APRIL 2031,15 Apr 2021,-,-,-,1055.72
NIFTY BHARAT BOND INDEX - APRIL 2031,13 Apr 2021,-,-,-,1057.14
NIFTY BHARAT BOND INDEX - APRIL 2031,12 Apr 2021,-,-,-,1056.95
NIFTY BHARAT BOND INDEX - APRIL 2031,09 Apr 2021,-,-,-,1054.92
NIFTY BHARAT BOND INDEX - APRIL 2031,08 Apr 2021,-,-,-,1052.83
NIFTY BHARAT BOND INDEX - APRIL 2031,07 Apr 2021,-,-,-,1050.09
NIFTY BHARAT BOND INDEX - APRIL 2031,06 Apr 2021,-,-,-,1051.24
NIFTY BHARAT BOND INDEX - APRIL 2031,05 Apr 2021,-,-,-,1047.26
NIFTY BHARAT BOND INDEX - APRIL 2031,01 Apr 2021,-,-,-,1046.15
NIFTY BHARAT BOND INDEX - APRIL 2031,31 Mar 2021,-,-,-,1045.96
NIFTY BHARAT BOND INDEX - APRIL 2031,30 Mar 2021,-,-,-,1045.4
NIFTY BHARAT BOND INDEX - APRIL 2031,26 Mar 2021,-,-,-,1046.11
NIFTY BHARAT BOND INDEX - APRIL 2031,25 Mar 2021,-,-,-,1042.77
NIFTY BHARAT BOND INDEX - APRIL 2031,24 Mar 2021,-,-,-,1041.4
NIFTY BHARAT BOND INDEX - APRIL 2031,23 Mar 2021,-,-,-,1036.34
NIFTY BHARAT BOND INDEX - APRIL 2031,22 Mar 2021,-,-,-,1033.29
NIFTY BHARAT BOND INDEX - APRIL 2031,19 Mar 2021,-,-,-,1028.44
NIFTY BHARAT BOND INDEX - APRIL 2031,18 Mar 2021,-,-,-,1025.97
NIFTY BHARAT BOND INDEX - APRIL 2031,17 Mar 2021,-,-,-,1025.12
NIFTY BHARAT BOND INDEX - APRIL 2031,16 Mar 2021,-,-,-,1023.88
NIFTY BHARAT BOND INDEX - APRIL 2031,15 Mar 2021,-,-,-,1023.08
NIFTY BHARAT BOND INDEX - APRIL 2031,12 Mar 2021,-,-,-,1022.25
NIFTY BHARAT BOND INDEX - APRIL 2031,10 Mar 2021,-,-,-,1022.52
NIFTY BHARAT BOND INDEX - APRIL 2031,09 Mar 2021,-,-,-,1021.95
NIFTY BHARAT BOND INDEX - APRIL 2031,08 Mar 2021,-,-,-,1021.57
NIFTY BHARAT BOND INDEX - APRIL 2031,05 Mar 2021,-,-,-,1022.75
NIFTY BHARAT BOND INDEX - APRIL 2031,04 Mar 2021,-,-,-,1022.08
NIFTY BHARAT BOND INDEX - APRIL 2031,03 Mar 2021,-,-,-,1021.81
NIFTY BHARAT BOND INDEX - APRIL 2031,02 Mar 2021,-,-,-,1021.61
NIFTY BHARAT BOND INDEX - APRIL 2031,01 Mar 2021,-,-,-,1019.62
NIFTY BHARAT BOND INDEX - APRIL 2031,26 Feb 2021,-,-,-,1019.33
NIFTY BHARAT BOND INDEX - APRIL 2031,25 Feb 2021,-,-,-,1021.18
NIFTY BHARAT BOND INDEX - APRIL 2031,24 Feb 2021,-,-,-,1020.72
NIFTY BHARAT BOND INDEX - APRIL 2031,23 Feb 2021,-,-,-,1018.33
NIFTY BHARAT BOND INDEX - APRIL 2031,22 Feb 2021,-,-,-,1016.69
NIFTY BHARAT BOND INDEX - APRIL 2031,19 Feb 2021,-,-,-,1026.35
NIFTY BHARAT BOND INDEX - APRIL 2031,18 Feb 2021,-,-,-,1026.16
NIFTY BHARAT BOND INDEX - APRIL 2031,17 Feb 2021,-,-,-,1026.92
NIFTY BHARAT BOND INDEX - APRIL 2031,16 Feb 2021,-,-,-,1027.57
NIFTY BHARAT BOND INDEX - APRIL 2031,15 Feb 2021,-,-,-,1027.45
NIFTY BHARAT BOND INDEX - APRIL 2031,12 Feb 2021,-,-,-,1029.08
NIFTY BHARAT BOND INDEX - APRIL 2031,11 Feb 2021,-,-,-,1028.93
NIFTY BHARAT BOND INDEX - APRIL 2031,10 Feb 2021,-,-,-,1026.57
NIFTY BHARAT BOND INDEX - APRIL 2031,09 Feb 2021,-,-,-,1024.28
NIFTY BHARAT BOND INDEX - APRIL 2031,08 Feb 2021,-,-,-,1027.2
NIFTY BHARAT BOND INDEX - APRIL 2031,05 Feb 2021,-,-,-,1025.55
NIFTY BHARAT BOND INDEX - APRIL 2031,04 Feb 2021,-,-,-,1032.5
NIFTY BHARAT BOND INDEX - APRIL 2031,03 Feb 2021,-,-,-,1032.16
NIFTY BHARAT BOND INDEX - APRIL 2031,02 Feb 2021,-,-,-,1030.15
NIFTY BHARAT BOND INDEX - APRIL 2031,01 Feb 2021,-,-,-,1038.81
NIFTY BHARAT BOND INDEX - APRIL 2031,29 Jan 2021,-,-,-,1048.25
NIFTY BHARAT BOND INDEX - APRIL 2031,28 Jan 2021,-,-,-,1047.57
NIFTY BHARAT BOND INDEX - APRIL 2031,27 Jan 2021,-,-,-,1047.73
NIFTY BHARAT BOND INDEX - APRIL 2031,25 Jan 2021,-,-,-,1045.47
NIFTY BHARAT BOND INDEX - APRIL 2031,22 Jan 2021,-,-,-,1044.92
NIFTY BHARAT BOND INDEX - APRIL 2031,21 Jan 2021,-,-,-,1046.51
NIFTY BHARAT BOND INDEX - APRIL 2031,20 Jan 2021,-,-,-,1045.33
NIFTY BHARAT BOND INDEX - APRIL 2031,19 Jan 2021,-,-,-,1046.36
NIFTY BHARAT BOND INDEX - APRIL 2031,18 Jan 2021,-,-,-,1045.56
NIFTY BHARAT BOND INDEX - APRIL 2031,15 Jan 2021,-,-,-,1047.31
NIFTY BHARAT BOND INDEX - APRIL 2031,14 Jan 2021,-,-,-,1047.23
NIFTY BHARAT BOND INDEX - APRIL 2031,13 Jan 2021,-,-,-,1048.23
NIFTY BHARAT BOND INDEX - APRIL 2031,12 Jan 2021,-,-,-,1044.67
NIFTY BHARAT BOND INDEX - APRIL 2031,11 Jan 2021,-,-,-,1046.31
NIFTY BHARAT BOND INDEX - APRIL 2031,08 Jan 2021,-,-,-,1049.16
NIFTY BHARAT BOND INDEX - APRIL 2031,07 Jan 2021,-,-,-,1047.02
NIFTY BHARAT BOND INDEX - APRIL 2031,06 Jan 2021,-,-,-,1047.56
NIFTY BHARAT BOND INDEX - APRIL 2031,05 Jan 2021,-,-,-,1047.87
NIFTY BHARAT BOND INDEX - APRIL 2031,04 Jan 2021,-,-,-,1044.74
NIFTY BHARAT BOND INDEX - APRIL 2031,01 Jan 2021,-,-,-,1045.59
NIFTY BHARAT BOND INDEX - APRIL 2031,31 Dec 2020,-,-,-,1044.13
NIFTY BHARAT BOND INDEX - APRIL 2031,30 Dec 2020,-,-,-,1044.05
NIFTY BHARAT BOND INDEX - APRIL 2031,29 Dec 2020,-,-,-,1044.05
NIFTY BHARAT BOND INDEX - APRIL 2031,28 Dec 2020,-,-,-,1044.23
NIFTY BHARAT BOND INDEX - APRIL 2031,24 Dec 2020,-,-,-,1041.34
NIFTY BHARAT BOND INDEX - APRIL 2031,23 Dec 2020,-,-,-,1042.49
NIFTY BHARAT BOND INDEX - APRIL 2031,22 Dec 2020,-,-,-,1041.64
NIFTY BHARAT BOND INDEX - APRIL 2031,21 Dec 2020,-,-,-,1039.47
NIFTY BHARAT BOND INDEX - APRIL 2031,18 Dec 2020,-,-,-,1041.43
NIFTY BHARAT BOND INDEX - APRIL 2031,17 Dec 2020,-,-,-,1042.14
NIFTY BHARAT BOND INDEX - APRIL 2031,16 Dec 2020,-,-,-,1041.83
NIFTY BHARAT BOND INDEX - APRIL 2031,15 Dec 2020,-,-,-,1040.8
NIFTY BHARAT BOND INDEX - APRIL 2031,14 Dec 2020,-,-,-,1039.87
NIFTY BHARAT BOND INDEX - APRIL 2031,11 Dec 2020,-,-,-,1039.88
NIFTY BHARAT BOND INDEX - APRIL 2031,10 Dec 2020,-,-,-,1040.12
NIFTY BHARAT BOND INDEX - APRIL 2031,09 Dec 2020,-,-,-,1040.42
NIFTY BHARAT BOND INDEX - APRIL 2031,08 Dec 2020,-,-,-,1040.35
NIFTY BHARAT BOND INDEX - APRIL 2031,07 Dec 2020,-,-,-,1040.96
NIFTY BHARAT BOND INDEX - APRIL 2031,04 Dec 2020,-,-,-,1041.53
NIFTY BHARAT BOND INDEX - APRIL 2031,03 Dec 2020,-,-,-,1040.22
NIFTY BHARAT BOND INDEX - APRIL 2031,02 Dec 2020,-,-,-,1039.81
NIFTY BHARAT BOND INDEX - APRIL 2031,01 Dec 2020,-,-,-,1041.31
NIFTY BHARAT BOND INDEX - APRIL 2031,27 Nov 2020,-,-,-,1043.39
NIFTY BHARAT BOND INDEX - APRIL 2031,26 Nov 2020,-,-,-,1041.65
NIFTY BHARAT BOND INDEX - APRIL 2031,25 Nov 2020,-,-,-,1040.41
NIFTY BHARAT BOND INDEX - APRIL 2031,24 Nov 2020,-,-,-,1040.28
NIFTY BHARAT BOND INDEX - APRIL 2031,23 Nov 2020,-,-,-,1041.33
NIFTY BHARAT BOND INDEX - APRIL 2031,20 Nov 2020,-,-,-,1039.93
NIFTY BHARAT BOND INDEX - APRIL 2031,19 Nov 2020,-,-,-,1039.21
NIFTY BHARAT BOND INDEX - APRIL 2031,18 Nov 2020,-,-,-,1038.74
NIFTY BHARAT BOND INDEX - APRIL 2031,17 Nov 2020,-,-,-,1038.83
NIFTY BHARAT BOND INDEX - APRIL 2031,14 Nov 2020,-,-,-,1038.24
NIFTY BHARAT BOND INDEX - APRIL 2031,13 Nov 2020,-,-,-,1038.06
NIFTY BHARAT BOND INDEX - APRIL 2031,12 Nov 2020,-,-,-,1038.29
NIFTY BHARAT BOND INDEX - APRIL 2031,11 Nov 2020,-,-,-,1037.01
NIFTY BHARAT BOND INDEX - APRIL 2031,10 Nov 2020,-,-,-,1035.89
NIFTY BHARAT BOND INDEX - APRIL 2031,09 Nov 2020,-,-,-,1037.3
NIFTY BHARAT BOND INDEX - APRIL 2031,06 Nov 2020,-,-,-,1038.74
NIFTY BHARAT BOND INDEX - APRIL 2031,05 Nov 2020,-,-,-,1037.77
NIFTY BHARAT BOND INDEX - APRIL 2031,04 Nov 2020,-,-,-,1036.89
NIFTY BHARAT BOND INDEX - APRIL 2031,03 Nov 2020,-,-,-,1035.52
NIFTY BHARAT BOND INDEX - APRIL 2031,02 Nov 2020,-,-,-,1036.65
NIFTY BHARAT BOND INDEX - APRIL 2031,30 Oct 2020,-,-,-,1037.17
NIFTY BHARAT BOND INDEX - APRIL 2031,29 Oct 2020,-,-,-,1036.98
NIFTY BHARAT BOND INDEX - APRIL 2031,28 Oct 2020,-,-,-,1037.04
NIFTY BHARAT BOND INDEX - APRIL 2031,27 Oct 2020,-,-,-,1036.45
NIFTY BHARAT BOND INDEX - APRIL 2031,26 Oct 2020,-,-,-,1036.89
NIFTY BHARAT BOND INDEX - APRIL 2031,23 Oct 2020,-,-,-,1035.1
NIFTY BHARAT BOND INDEX - APRIL 2031,22 Oct 2020,-,-,-,1032.07
NIFTY BHARAT BOND INDEX - APRIL 2031,21 Oct 2020,-,-,-,1031.8
NIFTY BHARAT BOND INDEX - APRIL 2031,20 Oct 2020,-,-,-,1031.62
NIFTY BHARAT BOND INDEX - APRIL 2031,19 Oct 2020,-,-,-,1030.75
NIFTY BHARAT BOND INDEX - APRIL 2031,16 Oct 2020,-,-,-,1027.43
NIFTY BHARAT BOND INDEX - APRIL 2031,15 Oct 2020,-,-,-,1028.44
NIFTY BHARAT BOND INDEX - APRIL 2031,14 Oct 2020,-,-,-,1028.34
NIFTY BHARAT BOND INDEX - APRIL 2031,13 Oct 2020,-,-,-,1025.01
NIFTY BHARAT BOND INDEX - APRIL 2031,12 Oct 2020,-,-,-,1028.18
NIFTY BHARAT BOND INDEX - APRIL 2031,09 Oct 2020,-,-,-,1026.36
NIFTY BHARAT BOND INDEX - APRIL 2031,08 Oct 2020,-,-,-,1013.86
NIFTY BHARAT BOND INDEX - APRIL 2031,07 Oct 2020,-,-,-,1011.53
NIFTY BHARAT BOND INDEX - APRIL 2031,06 Oct 2020,-,-,-,1012.32
NIFTY BHARAT BOND INDEX - APRIL 2031,05 Oct 2020,-,-,-,1011.39
NIFTY BHARAT BOND INDEX - APRIL 2031,01 Oct 2020,-,-,-,1012.58
NIFTY BHARAT BOND INDEX - APRIL 2031,30 Sep 2020,-,-,-,1008.83
NIFTY BHARAT BOND INDEX - APRIL 2031,25 Sep 2020,-,-,-,1009.21
NIFTY BHARAT BOND INDEX - APRIL 2031,24 Sep 2020,-,-,-,1011.18
NIFTY BHARAT BOND INDEX - APRIL 2031,23 Sep 2020,-,-,-,1012.27
NIFTY BHARAT BOND INDEX - APRIL 2031,22 Sep 2020,-,-,-,1013.36
NIFTY BHARAT BOND INDEX - APRIL 2031,21 Sep 2020,-,-,-,1013.67
NIFTY BHARAT BOND INDEX - APRIL 2031,18 Sep 2020,-,-,-,1014.51
NIFTY BHARAT BOND INDEX - APRIL 2031,17 Sep 2020,-,-,-,1015.77
NIFTY BHARAT BOND INDEX - APRIL 2031,16 Sep 2020,-,-,-,1015.11
NIFTY BHARAT BOND INDEX - APRIL 2031,15 Sep 2020,-,-,-,1014.23
NIFTY BHARAT BOND INDEX - APRIL 2031,14 Sep 2020,-,-,-,1014.38
NIFTY BHARAT BOND INDEX - APRIL 2031,11 Sep 2020,-,-,-,1015.07
NIFTY BHARAT BOND INDEX - APRIL 2031,10 Sep 2020,-,-,-,1016.34
NIFTY BHARAT BOND INDEX - APRIL 2031,09 Sep 2020,-,-,-,1015.86
NIFTY BHARAT BOND INDEX - APRIL 2031,08 Sep 2020,-,-,-,1013.98
NIFTY BHARAT BOND INDEX - APRIL 2031,07 Sep 2020,-,-,-,1016.68
NIFTY BHARAT BOND INDEX - APRIL 2031,04 Sep 2020,-,-,-,1021.95
NIFTY BHARAT BOND INDEX - APRIL 2031,03 Sep 2020,-,-,-,1021.58
NIFTY BHARAT BOND INDEX - APRIL 2031,02 Sep 2020,-,-,-,1018.68
NIFTY BHARAT BOND INDEX - APRIL 2031,01 Sep 2020,-,-,-,1016.72
NIFTY BHARAT BOND INDEX - APRIL 2031,31 Aug 2020,-,-,-,1007.94
NIFTY BHARAT BOND INDEX - APRIL 2031,28 Aug 2020,-,-,-,998.37
NIFTY BHARAT BOND INDEX - APRIL 2031,27 Aug 2020,-,-,-,999.69
NIFTY BHARAT BOND INDEX - APRIL 2031,26 Aug 2020,-,-,-,998.23
NIFTY BHARAT BOND INDEX - APRIL 2031,25 Aug 2020,-,-,-,998.73
NIFTY BHARAT BOND INDEX - APRIL 2031,24 Aug 2020,-,-,-,995.72
NIFTY BHARAT BOND INDEX - APRIL 2031,21 Aug 2020,-,-,-,1000.5
NIFTY BHARAT BOND INDEX - APRIL 2031,20 Aug 2020,-,-,-,1007.18
NIFTY BHARAT BOND INDEX - APRIL 2031,19 Aug 2020,-,-,-,1007.97
NIFTY BHARAT BOND INDEX - APRIL 2031,18 Aug 2020,-,-,-,1011.77
NIFTY BHARAT BOND INDEX - APRIL 2031,17 Aug 2020,-,-,-,1014.18
NIFTY BHARAT BOND INDEX - APRIL 2031,14 Aug 2020,-,-,-,1013.71
NIFTY BHARAT BOND INDEX - APRIL 2031,13 Aug 2020,-,-,-,1014.87
NIFTY BHARAT BOND INDEX - APRIL 2031,10 Aug 2020,-,-,-,1015.75
NIFTY BHARAT BOND INDEX - APRIL 2031,07 Aug 2020,-,-,-,1017.28
NIFTY BHARAT BOND INDEX - APRIL 2031,06 Aug 2020,-,-,-,1019.86
NIFTY BHARAT BOND INDEX - APRIL 2031,05 Aug 2020,-,-,-,1023.5
NIFTY BHARAT BOND INDEX - APRIL 2031,04 Aug 2020,-,-,-,1022.81
NIFTY BHARAT BOND INDEX - APRIL 2031,03 Aug 2020,-,-,-,1023.18
NIFTY BHARAT BOND INDEX - APRIL 2031,31 Jul 2020,-,-,-,1022.13
NIFTY BHARAT BOND INDEX - APRIL 2031,30 Jul 2020,-,-,-,1020.25
NIFTY BHARAT BOND INDEX - APRIL 2031,29 Jul 2020,-,-,-,1016.35
NIFTY BHARAT BOND INDEX - APRIL 2031,28 Jul 2020,-,-,-,1015.62
NIFTY BHARAT BOND INDEX - APRIL 2031,27 Jul 2020,-,-,-,1018.1
NIFTY BHARAT BOND INDEX - APRIL 2031,24 Jul 2020,-,-,-,1018.76
NIFTY BHARAT BOND INDEX - APRIL 2031,23 Jul 2020,-,-,-,1017.82
NIFTY BHARAT BOND INDEX - APRIL 2031,22 Jul 2020,-,-,-,1017.51
NIFTY BHARAT BOND INDEX - APRIL 2031,21 Jul 2020,-,-,-,1019.14
NIFTY BHARAT BOND INDEX - APRIL 2031,20 Jul 2020,-,-,-,1019.55
NIFTY BHARAT BOND INDEX - APRIL 2031,17 Jul 2020,-,-,-,1019.32
NIFTY BHARAT BOND INDEX - APRIL 2031,16 Jul 2020,-,-,-,1020.68
NIFTY BHARAT BOND INDEX - APRIL 2031,15 Jul 2020,-,-,-,1021.53
NIFTY BHARAT BOND INDEX - APRIL 2031,14 Jul 2020,-,-,-,1019.29
NIFTY BHARAT BOND INDEX - APRIL 2031,13 Jul 2020,-,-,-,1021.43
NIFTY BHARAT BOND INDEX - APRIL 2031,10 Jul 2020,-,-,-,1020.7
NIFTY BHARAT BOND INDEX - APRIL 2031,09 Jul 2020,-,-,-,1013.6
NIFTY BHARAT BOND INDEX - APRIL 2031,08 Jul 2020,-,-,-,1012.12
NIFTY BHARAT BOND INDEX - APRIL 2031,07 Jul 2020,-,-,-,1006.93
NIFTY BHARAT BOND INDEX - APRIL 2031,06 Jul 2020,-,-,-,1005.04
NIFTY BHARAT BOND INDEX - APRIL 2031,03 Jul 2020,-,-,-,1003.79
NIFTY BHARAT BOND INDEX - APRIL 2031,02 Jul 2020,-,-,-,1004.48
NIFTY BHARAT BOND INDEX - APRIL 2031,01 Jul 2020,-,-,-,1001.56
NIFTY BHARAT BOND INDEX - APRIL 2031,30 Jun 2020,-,-,-,1000.0
