Index Name,Date,Open,High,Low,Close
NIFTY G-SEC SEP 2027 INDEX,20 Mar 2026,-,-,-,1282.67
NIFTY G-SEC SEP 2027 INDEX,19 Mar 2026,-,-,-,1282.24
NIFTY G-SEC SEP 2027 INDEX,18 Mar 2026,-,-,-,1282.04
NIFTY G-SEC SEP 2027 INDEX,17 Mar 2026,-,-,-,1282.05
NIFTY G-SEC SEP 2027 INDEX,16 Mar 2026,-,-,-,1281.88
NIFTY G-SEC SEP 2027 INDEX,13 Mar 2026,-,-,-,1280.9
NIFTY G-SEC SEP 2027 INDEX,12 Mar 2026,-,-,-,1280.97
NIFTY G-SEC SEP 2027 INDEX,11 Mar 2026,-,-,-,1281.68
NIFTY G-SEC SEP 2027 INDEX,10 Mar 2026,-,-,-,1281.8
NIFTY G-SEC SEP 2027 INDEX,09 Mar 2026,-,-,-,1281.8
NIFTY G-SEC SEP 2027 INDEX,06 Mar 2026,-,-,-,1281.45
NIFTY G-SEC SEP 2027 INDEX,05 Mar 2026,-,-,-,1281.94
NIFTY G-SEC SEP 2027 INDEX,04 Mar 2026,-,-,-,1282.1
NIFTY G-SEC SEP 2027 INDEX,02 Mar 2026,-,-,-,1282.43
NIFTY G-SEC SEP 2027 INDEX,27 Feb 2026,-,-,-,1281.34
NIFTY G-SEC SEP 2027 INDEX,26 Feb 2026,-,-,-,1280.96
NIFTY G-SEC SEP 2027 INDEX,25 Feb 2026,-,-,-,1280.09
NIFTY G-SEC SEP 2027 INDEX,24 Feb 2026,-,-,-,1279.94
NIFTY G-SEC SEP 2027 INDEX,23 Feb 2026,-,-,-,1279.5
NIFTY G-SEC SEP 2027 INDEX,20 Feb 2026,-,-,-,1278.59
NIFTY G-SEC SEP 2027 INDEX,19 Feb 2026,-,-,-,1278.64
NIFTY G-SEC SEP 2027 INDEX,18 Feb 2026,-,-,-,1278.45
NIFTY G-SEC SEP 2027 INDEX,17 Feb 2026,-,-,-,1277.77
NIFTY G-SEC SEP 2027 INDEX,16 Feb 2026,-,-,-,1277.14
NIFTY G-SEC SEP 2027 INDEX,13 Feb 2026,-,-,-,1276.32
NIFTY G-SEC SEP 2027 INDEX,12 Feb 2026,-,-,-,1276.53
NIFTY G-SEC SEP 2027 INDEX,11 Feb 2026,-,-,-,1276.09
NIFTY G-SEC SEP 2027 INDEX,10 Feb 2026,-,-,-,1276.01
NIFTY G-SEC SEP 2027 INDEX,09 Feb 2026,-,-,-,1274.91
NIFTY G-SEC SEP 2027 INDEX,06 Feb 2026,-,-,-,1275.14
NIFTY G-SEC SEP 2027 INDEX,05 Feb 2026,-,-,-,1274.96
NIFTY G-SEC SEP 2027 INDEX,04 Feb 2026,-,-,-,1275.0
NIFTY G-SEC SEP 2027 INDEX,03 Feb 2026,-,-,-,1274.32
NIFTY G-SEC SEP 2027 INDEX,02 Feb 2026,-,-,-,1273.34
NIFTY G-SEC SEP 2027 INDEX,01 Feb 2026,-,-,-,1273.61
NIFTY G-SEC SEP 2027 INDEX,30 Jan 2026,-,-,-,1273.21
NIFTY G-SEC SEP 2027 INDEX,29 Jan 2026,-,-,-,1272.32
NIFTY G-SEC SEP 2027 INDEX,28 Jan 2026,-,-,-,1272.0
NIFTY G-SEC SEP 2027 INDEX,27 Jan 2026,-,-,-,1271.36
NIFTY G-SEC SEP 2027 INDEX,23 Jan 2026,-,-,-,1270.81
NIFTY G-SEC SEP 2027 INDEX,22 Jan 2026,-,-,-,1271.0
NIFTY G-SEC SEP 2027 INDEX,21 Jan 2026,-,-,-,1269.98
NIFTY G-SEC SEP 2027 INDEX,20 Jan 2026,-,-,-,1270.71
NIFTY G-SEC SEP 2027 INDEX,19 Jan 2026,-,-,-,1270.58
NIFTY G-SEC SEP 2027 INDEX,16 Jan 2026,-,-,-,1270.4
NIFTY G-SEC SEP 2027 INDEX,14 Jan 2026,-,-,-,1270.33
NIFTY G-SEC SEP 2027 INDEX,13 Jan 2026,-,-,-,1270.28
NIFTY G-SEC SEP 2027 INDEX,12 Jan 2026,-,-,-,1270.53
NIFTY G-SEC SEP 2027 INDEX,09 Jan 2026,-,-,-,1270.1
NIFTY G-SEC SEP 2027 INDEX,08 Jan 2026,-,-,-,1269.77
NIFTY G-SEC SEP 2027 INDEX,07 Jan 2026,-,-,-,1269.51
NIFTY G-SEC SEP 2027 INDEX,06 Jan 2026,-,-,-,1269.08
NIFTY G-SEC SEP 2027 INDEX,05 Jan 2026,-,-,-,1269.01
NIFTY G-SEC SEP 2027 INDEX,02 Jan 2026,-,-,-,1268.21
NIFTY G-SEC SEP 2027 INDEX,01 Jan 2026,-,-,-,1268.06
NIFTY G-SEC SEP 2027 INDEX,31 Dec 2025,-,-,-,1267.69
NIFTY G-SEC SEP 2027 INDEX,30 Dec 2025,-,-,-,1267.73
NIFTY G-SEC SEP 2027 INDEX,29 Dec 2025,-,-,-,1268.08
NIFTY G-SEC SEP 2027 INDEX,26 Dec 2025,-,-,-,1267.44
NIFTY G-SEC SEP 2027 INDEX,24 Dec 2025,-,-,-,1267.5
NIFTY G-SEC SEP 2027 INDEX,23 Dec 2025,-,-,-,1266.25
NIFTY G-SEC SEP 2027 INDEX,22 Dec 2025,-,-,-,1266.04
NIFTY G-SEC SEP 2027 INDEX,19 Dec 2025,-,-,-,1265.92
NIFTY G-SEC SEP 2027 INDEX,18 Dec 2025,-,-,-,1265.63
NIFTY G-SEC SEP 2027 INDEX,17 Dec 2025,-,-,-,1265.47
NIFTY G-SEC SEP 2027 INDEX,16 Dec 2025,-,-,-,1265.03
NIFTY G-SEC SEP 2027 INDEX,15 Dec 2025,-,-,-,1264.71
NIFTY G-SEC SEP 2027 INDEX,12 Dec 2025,-,-,-,1263.8
NIFTY G-SEC SEP 2027 INDEX,11 Dec 2025,-,-,-,1263.71
NIFTY G-SEC SEP 2027 INDEX,10 Dec 2025,-,-,-,1263.4
NIFTY G-SEC SEP 2027 INDEX,09 Dec 2025,-,-,-,1262.98
NIFTY G-SEC SEP 2027 INDEX,08 Dec 2025,-,-,-,1263.54
NIFTY G-SEC SEP 2027 INDEX,05 Dec 2025,-,-,-,1263.9
NIFTY G-SEC SEP 2027 INDEX,04 Dec 2025,-,-,-,1262.45
NIFTY G-SEC SEP 2027 INDEX,03 Dec 2025,-,-,-,1262.33
NIFTY G-SEC SEP 2027 INDEX,02 Dec 2025,-,-,-,1262.5
NIFTY G-SEC SEP 2027 INDEX,01 Dec 2025,-,-,-,1262.39
NIFTY G-SEC SEP 2027 INDEX,28 Nov 2025,-,-,-,1263.41
NIFTY G-SEC SEP 2027 INDEX,27 Nov 2025,-,-,-,1262.72
NIFTY G-SEC SEP 2027 INDEX,26 Nov 2025,-,-,-,1262.63
NIFTY G-SEC SEP 2027 INDEX,25 Nov 2025,-,-,-,1262.42
NIFTY G-SEC SEP 2027 INDEX,24 Nov 2025,-,-,-,1262.34
NIFTY G-SEC SEP 2027 INDEX,21 Nov 2025,-,-,-,1261.65
NIFTY G-SEC SEP 2027 INDEX,20 Nov 2025,-,-,-,1261.23
NIFTY G-SEC SEP 2027 INDEX,19 Nov 2025,-,-,-,1261.15
NIFTY G-SEC SEP 2027 INDEX,18 Nov 2025,-,-,-,1260.53
NIFTY G-SEC SEP 2027 INDEX,17 Nov 2025,-,-,-,1260.46
NIFTY G-SEC SEP 2027 INDEX,14 Nov 2025,-,-,-,1259.92
NIFTY G-SEC SEP 2027 INDEX,13 Nov 2025,-,-,-,1259.55
NIFTY G-SEC SEP 2027 INDEX,12 Nov 2025,-,-,-,1259.12
NIFTY G-SEC SEP 2027 INDEX,11 Nov 2025,-,-,-,1258.88
NIFTY G-SEC SEP 2027 INDEX,10 Nov 2025,-,-,-,1258.78
NIFTY G-SEC SEP 2027 INDEX,07 Nov 2025,-,-,-,1257.92
NIFTY G-SEC SEP 2027 INDEX,06 Nov 2025,-,-,-,1257.3
NIFTY G-SEC SEP 2027 INDEX,04 Nov 2025,-,-,-,1256.95
NIFTY G-SEC SEP 2027 INDEX,03 Nov 2025,-,-,-,1256.99
NIFTY G-SEC SEP 2027 INDEX,31 Oct 2025,-,-,-,1255.81
NIFTY G-SEC SEP 2027 INDEX,30 Oct 2025,-,-,-,1255.93
NIFTY G-SEC SEP 2027 INDEX,29 Oct 2025,-,-,-,1255.93
NIFTY G-SEC SEP 2027 INDEX,28 Oct 2025,-,-,-,1255.88
NIFTY G-SEC SEP 2027 INDEX,27 Oct 2025,-,-,-,1255.78
NIFTY G-SEC SEP 2027 INDEX,24 Oct 2025,-,-,-,1255.72
NIFTY G-SEC SEP 2027 INDEX,23 Oct 2025,-,-,-,1256.05
NIFTY G-SEC SEP 2027 INDEX,21 Oct 2025,-,-,-,1256.38
NIFTY G-SEC SEP 2027 INDEX,20 Oct 2025,-,-,-,1256.18
NIFTY G-SEC SEP 2027 INDEX,17 Oct 2025,-,-,-,1254.7
NIFTY G-SEC SEP 2027 INDEX,16 Oct 2025,-,-,-,1254.18
NIFTY G-SEC SEP 2027 INDEX,15 Oct 2025,-,-,-,1254.72
NIFTY G-SEC SEP 2027 INDEX,14 Oct 2025,-,-,-,1254.51
NIFTY G-SEC SEP 2027 INDEX,13 Oct 2025,-,-,-,1253.86
NIFTY G-SEC SEP 2027 INDEX,10 Oct 2025,-,-,-,1253.27
NIFTY G-SEC SEP 2027 INDEX,09 Oct 2025,-,-,-,1252.35
NIFTY G-SEC SEP 2027 INDEX,08 Oct 2025,-,-,-,1252.64
NIFTY G-SEC SEP 2027 INDEX,07 Oct 2025,-,-,-,1252.46
NIFTY G-SEC SEP 2027 INDEX,06 Oct 2025,-,-,-,1251.79
NIFTY G-SEC SEP 2027 INDEX,03 Oct 2025,-,-,-,1251.27
NIFTY G-SEC SEP 2027 INDEX,01 Oct 2025,-,-,-,1248.66
NIFTY G-SEC SEP 2027 INDEX,30 Sep 2025,-,-,-,1249.36
NIFTY G-SEC SEP 2027 INDEX,29 Sep 2025,-,-,-,1249.39
NIFTY G-SEC SEP 2027 INDEX,26 Sep 2025,-,-,-,1248.34
NIFTY G-SEC SEP 2027 INDEX,25 Sep 2025,-,-,-,1247.81
NIFTY G-SEC SEP 2027 INDEX,24 Sep 2025,-,-,-,1248.08
NIFTY G-SEC SEP 2027 INDEX,23 Sep 2025,-,-,-,1247.85
NIFTY G-SEC SEP 2027 INDEX,22 Sep 2025,-,-,-,1247.47
NIFTY G-SEC SEP 2027 INDEX,19 Sep 2025,-,-,-,1246.73
NIFTY G-SEC SEP 2027 INDEX,18 Sep 2025,-,-,-,1246.11
NIFTY G-SEC SEP 2027 INDEX,17 Sep 2025,-,-,-,1245.83
NIFTY G-SEC SEP 2027 INDEX,16 Sep 2025,-,-,-,1245.31
NIFTY G-SEC SEP 2027 INDEX,15 Sep 2025,-,-,-,1245.42
NIFTY G-SEC SEP 2027 INDEX,12 Sep 2025,-,-,-,1244.47
NIFTY G-SEC SEP 2027 INDEX,11 Sep 2025,-,-,-,1244.09
NIFTY G-SEC SEP 2027 INDEX,10 Sep 2025,-,-,-,1243.79
NIFTY G-SEC SEP 2027 INDEX,09 Sep 2025,-,-,-,1243.85
NIFTY G-SEC SEP 2027 INDEX,08 Sep 2025,-,-,-,1243.73
NIFTY G-SEC SEP 2027 INDEX,05 Sep 2025,-,-,-,1243.14
NIFTY G-SEC SEP 2027 INDEX,04 Sep 2025,-,-,-,1242.53
NIFTY G-SEC SEP 2027 INDEX,03 Sep 2025,-,-,-,1241.78
NIFTY G-SEC SEP 2027 INDEX,02 Sep 2025,-,-,-,1241.86
NIFTY G-SEC SEP 2027 INDEX,01 Sep 2025,-,-,-,1242.04
NIFTY G-SEC SEP 2027 INDEX,29 Aug 2025,-,-,-,1241.68
NIFTY G-SEC SEP 2027 INDEX,28 Aug 2025,-,-,-,1241.39
NIFTY G-SEC SEP 2027 INDEX,26 Aug 2025,-,-,-,1240.53
NIFTY G-SEC SEP 2027 INDEX,25 Aug 2025,-,-,-,1240.21
NIFTY G-SEC SEP 2027 INDEX,22 Aug 2025,-,-,-,1239.61
NIFTY G-SEC SEP 2027 INDEX,21 Aug 2025,-,-,-,1239.6
NIFTY G-SEC SEP 2027 INDEX,20 Aug 2025,-,-,-,1240.01
NIFTY G-SEC SEP 2027 INDEX,19 Aug 2025,-,-,-,1239.1
NIFTY G-SEC SEP 2027 INDEX,18 Aug 2025,-,-,-,1240.45
NIFTY G-SEC SEP 2027 INDEX,14 Aug 2025,-,-,-,1239.91
NIFTY G-SEC SEP 2027 INDEX,13 Aug 2025,-,-,-,1238.35
NIFTY G-SEC SEP 2027 INDEX,12 Aug 2025,-,-,-,1237.79
NIFTY G-SEC SEP 2027 INDEX,11 Aug 2025,-,-,-,1239.21
NIFTY G-SEC SEP 2027 INDEX,08 Aug 2025,-,-,-,1239.36
NIFTY G-SEC SEP 2027 INDEX,07 Aug 2025,-,-,-,1239.0
NIFTY G-SEC SEP 2027 INDEX,06 Aug 2025,-,-,-,1238.29
NIFTY G-SEC SEP 2027 INDEX,05 Aug 2025,-,-,-,1239.56
NIFTY G-SEC SEP 2027 INDEX,04 Aug 2025,-,-,-,1239.66
NIFTY G-SEC SEP 2027 INDEX,01 Aug 2025,-,-,-,1238.68
NIFTY G-SEC SEP 2027 INDEX,31 Jul 2025,-,-,-,1238.33
NIFTY G-SEC SEP 2027 INDEX,30 Jul 2025,-,-,-,1238.55
NIFTY G-SEC SEP 2027 INDEX,29 Jul 2025,-,-,-,1238.17
NIFTY G-SEC SEP 2027 INDEX,28 Jul 2025,-,-,-,1237.97
NIFTY G-SEC SEP 2027 INDEX,25 Jul 2025,-,-,-,1237.39
NIFTY G-SEC SEP 2027 INDEX,24 Jul 2025,-,-,-,1237.5
NIFTY G-SEC SEP 2027 INDEX,23 Jul 2025,-,-,-,1237.71
NIFTY G-SEC SEP 2027 INDEX,22 Jul 2025,-,-,-,1237.42
NIFTY G-SEC SEP 2027 INDEX,21 Jul 2025,-,-,-,1236.89
NIFTY G-SEC SEP 2027 INDEX,18 Jul 2025,-,-,-,1236.4
NIFTY G-SEC SEP 2027 INDEX,17 Jul 2025,-,-,-,1236.32
NIFTY G-SEC SEP 2027 INDEX,16 Jul 2025,-,-,-,1235.8
NIFTY G-SEC SEP 2027 INDEX,15 Jul 2025,-,-,-,1235.21
NIFTY G-SEC SEP 2027 INDEX,14 Jul 2025,-,-,-,1236.07
NIFTY G-SEC SEP 2027 INDEX,11 Jul 2025,-,-,-,1235.47
NIFTY G-SEC SEP 2027 INDEX,10 Jul 2025,-,-,-,1234.61
NIFTY G-SEC SEP 2027 INDEX,09 Jul 2025,-,-,-,1234.33
NIFTY G-SEC SEP 2027 INDEX,08 Jul 2025,-,-,-,1234.48
NIFTY G-SEC SEP 2027 INDEX,07 Jul 2025,-,-,-,1234.26
NIFTY G-SEC SEP 2027 INDEX,04 Jul 2025,-,-,-,1233.21
NIFTY G-SEC SEP 2027 INDEX,03 Jul 2025,-,-,-,1233.11
NIFTY G-SEC SEP 2027 INDEX,02 Jul 2025,-,-,-,1232.69
NIFTY G-SEC SEP 2027 INDEX,01 Jul 2025,-,-,-,1231.62
NIFTY G-SEC SEP 2027 INDEX,30 Jun 2025,-,-,-,1231.13
NIFTY G-SEC SEP 2027 INDEX,27 Jun 2025,-,-,-,1231.44
NIFTY G-SEC SEP 2027 INDEX,26 Jun 2025,-,-,-,1230.47
NIFTY G-SEC SEP 2027 INDEX,25 Jun 2025,-,-,-,1230.8
NIFTY G-SEC SEP 2027 INDEX,24 Jun 2025,-,-,-,1231.27
NIFTY G-SEC SEP 2027 INDEX,23 Jun 2025,-,-,-,1230.24
NIFTY G-SEC SEP 2027 INDEX,20 Jun 2025,-,-,-,1230.27
NIFTY G-SEC SEP 2027 INDEX,19 Jun 2025,-,-,-,1229.76
NIFTY G-SEC SEP 2027 INDEX,18 Jun 2025,-,-,-,1230.05
NIFTY G-SEC SEP 2027 INDEX,17 Jun 2025,-,-,-,1229.53
NIFTY G-SEC SEP 2027 INDEX,16 Jun 2025,-,-,-,1229.04
NIFTY G-SEC SEP 2027 INDEX,13 Jun 2025,-,-,-,1227.81
NIFTY G-SEC SEP 2027 INDEX,12 Jun 2025,-,-,-,1228.0
NIFTY G-SEC SEP 2027 INDEX,11 Jun 2025,-,-,-,1228.29
NIFTY G-SEC SEP 2027 INDEX,10 Jun 2025,-,-,-,1230.09
NIFTY G-SEC SEP 2027 INDEX,09 Jun 2025,-,-,-,1230.41
NIFTY G-SEC SEP 2027 INDEX,06 Jun 2025,-,-,-,1230.58
NIFTY G-SEC SEP 2027 INDEX,05 Jun 2025,-,-,-,1228.81
NIFTY G-SEC SEP 2027 INDEX,04 Jun 2025,-,-,-,1228.35
NIFTY G-SEC SEP 2027 INDEX,03 Jun 2025,-,-,-,1228.11
NIFTY G-SEC SEP 2027 INDEX,02 Jun 2025,-,-,-,1227.57
NIFTY G-SEC SEP 2027 INDEX,30 May 2025,-,-,-,1227.16
NIFTY G-SEC SEP 2027 INDEX,29 May 2025,-,-,-,1227.24
NIFTY G-SEC SEP 2027 INDEX,28 May 2025,-,-,-,1226.8
NIFTY G-SEC SEP 2027 INDEX,27 May 2025,-,-,-,1226.25
NIFTY G-SEC SEP 2027 INDEX,26 May 2025,-,-,-,1225.97
NIFTY G-SEC SEP 2027 INDEX,23 May 2025,-,-,-,1225.22
NIFTY G-SEC SEP 2027 INDEX,22 May 2025,-,-,-,1224.4
NIFTY G-SEC SEP 2027 INDEX,21 May 2025,-,-,-,1224.52
NIFTY G-SEC SEP 2027 INDEX,20 May 2025,-,-,-,1222.97
NIFTY G-SEC SEP 2027 INDEX,19 May 2025,-,-,-,1222.2
NIFTY G-SEC SEP 2027 INDEX,16 May 2025,-,-,-,1221.5
NIFTY G-SEC SEP 2027 INDEX,15 May 2025,-,-,-,1220.29
NIFTY G-SEC SEP 2027 INDEX,14 May 2025,-,-,-,1219.52
NIFTY G-SEC SEP 2027 INDEX,13 May 2025,-,-,-,1218.54
NIFTY G-SEC SEP 2027 INDEX,12 May 2025,-,-,-,1215.88
NIFTY G-SEC SEP 2027 INDEX,09 May 2025,-,-,-,1215.27
NIFTY G-SEC SEP 2027 INDEX,08 May 2025,-,-,-,1215.95
NIFTY G-SEC SEP 2027 INDEX,07 May 2025,-,-,-,1216.76
NIFTY G-SEC SEP 2027 INDEX,06 May 2025,-,-,-,1216.16
NIFTY G-SEC SEP 2027 INDEX,05 May 2025,-,-,-,1216.11
NIFTY G-SEC SEP 2027 INDEX,02 May 2025,-,-,-,1214.96
NIFTY G-SEC SEP 2027 INDEX,30 Apr 2025,-,-,-,1214.01
NIFTY G-SEC SEP 2027 INDEX,29 Apr 2025,-,-,-,1213.69
NIFTY G-SEC SEP 2027 INDEX,28 Apr 2025,-,-,-,1212.45
NIFTY G-SEC SEP 2027 INDEX,25 Apr 2025,-,-,-,1212.59
NIFTY G-SEC SEP 2027 INDEX,24 Apr 2025,-,-,-,1212.71
NIFTY G-SEC SEP 2027 INDEX,23 Apr 2025,-,-,-,1212.83
NIFTY G-SEC SEP 2027 INDEX,22 Apr 2025,-,-,-,1212.77
NIFTY G-SEC SEP 2027 INDEX,21 Apr 2025,-,-,-,1213.13
NIFTY G-SEC SEP 2027 INDEX,17 Apr 2025,-,-,-,1211.1
NIFTY G-SEC SEP 2027 INDEX,16 Apr 2025,-,-,-,1210.12
NIFTY G-SEC SEP 2027 INDEX,15 Apr 2025,-,-,-,1208.72
NIFTY G-SEC SEP 2027 INDEX,11 Apr 2025,-,-,-,1207.45
NIFTY G-SEC SEP 2027 INDEX,09 Apr 2025,-,-,-,1206.16
NIFTY G-SEC SEP 2027 INDEX,08 Apr 2025,-,-,-,1204.57
NIFTY G-SEC SEP 2027 INDEX,07 Apr 2025,-,-,-,1204.0
NIFTY G-SEC SEP 2027 INDEX,04 Apr 2025,-,-,-,1204.18
NIFTY G-SEC SEP 2027 INDEX,03 Apr 2025,-,-,-,1202.23
NIFTY G-SEC SEP 2027 INDEX,02 Apr 2025,-,-,-,1201.79
NIFTY G-SEC SEP 2027 INDEX,01 Apr 2025,-,-,-,1198.98
NIFTY G-SEC SEP 2027 INDEX,28 Mar 2025,-,-,-,1198.35
NIFTY G-SEC SEP 2027 INDEX,27 Mar 2025,-,-,-,1196.98
NIFTY G-SEC SEP 2027 INDEX,26 Mar 2025,-,-,-,1196.95
NIFTY G-SEC SEP 2027 INDEX,25 Mar 2025,-,-,-,1196.16
NIFTY G-SEC SEP 2027 INDEX,24 Mar 2025,-,-,-,1196.29
NIFTY G-SEC SEP 2027 INDEX,21 Mar 2025,-,-,-,1195.3
NIFTY G-SEC SEP 2027 INDEX,20 Mar 2025,-,-,-,1194.52
NIFTY G-SEC SEP 2027 INDEX,19 Mar 2025,-,-,-,1193.88
NIFTY G-SEC SEP 2027 INDEX,18 Mar 2025,-,-,-,1193.31
NIFTY G-SEC SEP 2027 INDEX,17 Mar 2025,-,-,-,1192.92
NIFTY G-SEC SEP 2027 INDEX,13 Mar 2025,-,-,-,1192.07
NIFTY G-SEC SEP 2027 INDEX,12 Mar 2025,-,-,-,1192.17
NIFTY G-SEC SEP 2027 INDEX,11 Mar 2025,-,-,-,1191.6
NIFTY G-SEC SEP 2027 INDEX,10 Mar 2025,-,-,-,1191.27
NIFTY G-SEC SEP 2027 INDEX,07 Mar 2025,-,-,-,1191.02
NIFTY G-SEC SEP 2027 INDEX,06 Mar 2025,-,-,-,1191.02
NIFTY G-SEC SEP 2027 INDEX,05 Mar 2025,-,-,-,1190.26
NIFTY G-SEC SEP 2027 INDEX,04 Mar 2025,-,-,-,1189.88
NIFTY G-SEC SEP 2027 INDEX,03 Mar 2025,-,-,-,1189.38
NIFTY G-SEC SEP 2027 INDEX,28 Feb 2025,-,-,-,1188.92
NIFTY G-SEC SEP 2027 INDEX,27 Feb 2025,-,-,-,1188.31
NIFTY G-SEC SEP 2027 INDEX,25 Feb 2025,-,-,-,1188.0
NIFTY G-SEC SEP 2027 INDEX,24 Feb 2025,-,-,-,1187.2
NIFTY G-SEC SEP 2027 INDEX,21 Feb 2025,-,-,-,1186.2
NIFTY G-SEC SEP 2027 INDEX,20 Feb 2025,-,-,-,1185.73
NIFTY G-SEC SEP 2027 INDEX,19 Feb 2025,-,-,-,1185.55
NIFTY G-SEC SEP 2027 INDEX,18 Feb 2025,-,-,-,1185.33
NIFTY G-SEC SEP 2027 INDEX,17 Feb 2025,-,-,-,1185.04
NIFTY G-SEC SEP 2027 INDEX,14 Feb 2025,-,-,-,1184.17
NIFTY G-SEC SEP 2027 INDEX,13 Feb 2025,-,-,-,1183.94
NIFTY G-SEC SEP 2027 INDEX,12 Feb 2025,-,-,-,1184.14
NIFTY G-SEC SEP 2027 INDEX,11 Feb 2025,-,-,-,1183.9
NIFTY G-SEC SEP 2027 INDEX,10 Feb 2025,-,-,-,1183.77
NIFTY G-SEC SEP 2027 INDEX,07 Feb 2025,-,-,-,1183.46
NIFTY G-SEC SEP 2027 INDEX,06 Feb 2025,-,-,-,1183.71
NIFTY G-SEC SEP 2027 INDEX,05 Feb 2025,-,-,-,1183.8
NIFTY G-SEC SEP 2027 INDEX,04 Feb 2025,-,-,-,1183.32
NIFTY G-SEC SEP 2027 INDEX,03 Feb 2025,-,-,-,1182.88
NIFTY G-SEC SEP 2027 INDEX,01 Feb 2025,-,-,-,1182.03
NIFTY G-SEC SEP 2027 INDEX,31 Jan 2025,-,-,-,1181.82
NIFTY G-SEC SEP 2027 INDEX,30 Jan 2025,-,-,-,1181.29
NIFTY G-SEC SEP 2027 INDEX,29 Jan 2025,-,-,-,1181.42
NIFTY G-SEC SEP 2027 INDEX,28 Jan 2025,-,-,-,1181.34
NIFTY G-SEC SEP 2027 INDEX,27 Jan 2025,-,-,-,1181.2
NIFTY G-SEC SEP 2027 INDEX,24 Jan 2025,-,-,-,1179.96
NIFTY G-SEC SEP 2027 INDEX,23 Jan 2025,-,-,-,1179.57
NIFTY G-SEC SEP 2027 INDEX,22 Jan 2025,-,-,-,1179.12
NIFTY G-SEC SEP 2027 INDEX,21 Jan 2025,-,-,-,1178.84
NIFTY G-SEC SEP 2027 INDEX,20 Jan 2025,-,-,-,1178.21
NIFTY G-SEC SEP 2027 INDEX,17 Jan 2025,-,-,-,1177.23
NIFTY G-SEC SEP 2027 INDEX,16 Jan 2025,-,-,-,1177.6
NIFTY G-SEC SEP 2027 INDEX,15 Jan 2025,-,-,-,1175.51
NIFTY G-SEC SEP 2027 INDEX,14 Jan 2025,-,-,-,1174.7
NIFTY G-SEC SEP 2027 INDEX,13 Jan 2025,-,-,-,1174.06
NIFTY G-SEC SEP 2027 INDEX,10 Jan 2025,-,-,-,1175.13
NIFTY G-SEC SEP 2027 INDEX,09 Jan 2025,-,-,-,1175.19
NIFTY G-SEC SEP 2027 INDEX,08 Jan 2025,-,-,-,1175.19
NIFTY G-SEC SEP 2027 INDEX,07 Jan 2025,-,-,-,1174.91
NIFTY G-SEC SEP 2027 INDEX,06 Jan 2025,-,-,-,1174.71
NIFTY G-SEC SEP 2027 INDEX,03 Jan 2025,-,-,-,1173.26
NIFTY G-SEC SEP 2027 INDEX,02 Jan 2025,-,-,-,1172.75
NIFTY G-SEC SEP 2027 INDEX,01 Jan 2025,-,-,-,1172.98
NIFTY G-SEC SEP 2027 INDEX,31 Dec 2024,-,-,-,1172.27
NIFTY G-SEC SEP 2027 INDEX,30 Dec 2024,-,-,-,1171.97
NIFTY G-SEC SEP 2027 INDEX,27 Dec 2024,-,-,-,1171.4
NIFTY G-SEC SEP 2027 INDEX,26 Dec 2024,-,-,-,1171.11
NIFTY G-SEC SEP 2027 INDEX,24 Dec 2024,-,-,-,1170.92
NIFTY G-SEC SEP 2027 INDEX,23 Dec 2024,-,-,-,1171.1
NIFTY G-SEC SEP 2027 INDEX,20 Dec 2024,-,-,-,1170.0
NIFTY G-SEC SEP 2027 INDEX,19 Dec 2024,-,-,-,1170.34
NIFTY G-SEC SEP 2027 INDEX,18 Dec 2024,-,-,-,1170.84
NIFTY G-SEC SEP 2027 INDEX,17 Dec 2024,-,-,-,1170.44
NIFTY G-SEC SEP 2027 INDEX,16 Dec 2024,-,-,-,1170.79
NIFTY G-SEC SEP 2027 INDEX,13 Dec 2024,-,-,-,1170.2
NIFTY G-SEC SEP 2027 INDEX,12 Dec 2024,-,-,-,1169.94
NIFTY G-SEC SEP 2027 INDEX,11 Dec 2024,-,-,-,1170.17
NIFTY G-SEC SEP 2027 INDEX,10 Dec 2024,-,-,-,1170.28
NIFTY G-SEC SEP 2027 INDEX,09 Dec 2024,-,-,-,1169.72
NIFTY G-SEC SEP 2027 INDEX,06 Dec 2024,-,-,-,1168.97
NIFTY G-SEC SEP 2027 INDEX,29 Nov 2024,-,-,-,1166.83
NIFTY G-SEC SEP 2027 INDEX,28 Nov 2024,-,-,-,1165.58
NIFTY G-SEC SEP 2027 INDEX,27 Nov 2024,-,-,-,1165.26
NIFTY G-SEC SEP 2027 INDEX,26 Nov 2024,-,-,-,1163.55
NIFTY G-SEC SEP 2027 INDEX,25 Nov 2024,-,-,-,1165.09
NIFTY G-SEC SEP 2027 INDEX,22 Nov 2024,-,-,-,1163.91
NIFTY G-SEC SEP 2027 INDEX,21 Nov 2024,-,-,-,1164.02
NIFTY G-SEC SEP 2027 INDEX,19 Nov 2024,-,-,-,1163.9
NIFTY G-SEC SEP 2027 INDEX,18 Nov 2024,-,-,-,1163.28
NIFTY G-SEC SEP 2027 INDEX,14 Nov 2024,-,-,-,1162.11
NIFTY G-SEC SEP 2027 INDEX,13 Nov 2024,-,-,-,1162.48
NIFTY G-SEC SEP 2027 INDEX,12 Nov 2024,-,-,-,1162.31
NIFTY G-SEC SEP 2027 INDEX,11 Nov 2024,-,-,-,1162.03
NIFTY G-SEC SEP 2027 INDEX,08 Nov 2024,-,-,-,1161.65
NIFTY G-SEC SEP 2027 INDEX,07 Nov 2024,-,-,-,1160.83
NIFTY G-SEC SEP 2027 INDEX,06 Nov 2024,-,-,-,1160.62
NIFTY G-SEC SEP 2027 INDEX,05 Nov 2024,-,-,-,1160.44
NIFTY G-SEC SEP 2027 INDEX,04 Nov 2024,-,-,-,1160.06
NIFTY G-SEC SEP 2027 INDEX,01 Nov 2024,-,-,-,1159.27
NIFTY G-SEC SEP 2027 INDEX,31 Oct 2024,-,-,-,1159.05
NIFTY G-SEC SEP 2027 INDEX,30 Oct 2024,-,-,-,1158.94
NIFTY G-SEC SEP 2027 INDEX,29 Oct 2024,-,-,-,1158.76
NIFTY G-SEC SEP 2027 INDEX,28 Oct 2024,-,-,-,1158.0
NIFTY G-SEC SEP 2027 INDEX,25 Oct 2024,-,-,-,1157.96
NIFTY G-SEC SEP 2027 INDEX,24 Oct 2024,-,-,-,1158.4
NIFTY G-SEC SEP 2027 INDEX,23 Oct 2024,-,-,-,1158.57
NIFTY G-SEC SEP 2027 INDEX,22 Oct 2024,-,-,-,1158.58
NIFTY G-SEC SEP 2027 INDEX,21 Oct 2024,-,-,-,1158.51
NIFTY G-SEC SEP 2027 INDEX,18 Oct 2024,-,-,-,1158.69
NIFTY G-SEC SEP 2027 INDEX,17 Oct 2024,-,-,-,1158.98
NIFTY G-SEC SEP 2027 INDEX,16 Oct 2024,-,-,-,1159.06
NIFTY G-SEC SEP 2027 INDEX,15 Oct 2024,-,-,-,1158.79
NIFTY G-SEC SEP 2027 INDEX,14 Oct 2024,-,-,-,1158.55
NIFTY G-SEC SEP 2027 INDEX,11 Oct 2024,-,-,-,1157.6
NIFTY G-SEC SEP 2027 INDEX,10 Oct 2024,-,-,-,1157.6
NIFTY G-SEC SEP 2027 INDEX,09 Oct 2024,-,-,-,1157.33
NIFTY G-SEC SEP 2027 INDEX,08 Oct 2024,-,-,-,1156.01
NIFTY G-SEC SEP 2027 INDEX,07 Oct 2024,-,-,-,1155.12
NIFTY G-SEC SEP 2027 INDEX,04 Oct 2024,-,-,-,1154.64
NIFTY G-SEC SEP 2027 INDEX,03 Oct 2024,-,-,-,1154.92
NIFTY G-SEC SEP 2027 INDEX,01 Oct 2024,-,-,-,1155.01
NIFTY G-SEC SEP 2027 INDEX,30 Sep 2024,-,-,-,1154.89
NIFTY G-SEC SEP 2027 INDEX,27 Sep 2024,-,-,-,1153.66
NIFTY G-SEC SEP 2027 INDEX,26 Sep 2024,-,-,-,1153.93
NIFTY G-SEC SEP 2027 INDEX,25 Sep 2024,-,-,-,1153.4
NIFTY G-SEC SEP 2027 INDEX,24 Sep 2024,-,-,-,1152.99
NIFTY G-SEC SEP 2027 INDEX,23 Sep 2024,-,-,-,1152.72
NIFTY G-SEC SEP 2027 INDEX,20 Sep 2024,-,-,-,1152.2
NIFTY G-SEC SEP 2027 INDEX,19 Sep 2024,-,-,-,1152.02
NIFTY G-SEC SEP 2027 INDEX,18 Sep 2024,-,-,-,1151.43
NIFTY G-SEC SEP 2027 INDEX,17 Sep 2024,-,-,-,1151.22
NIFTY G-SEC SEP 2027 INDEX,16 Sep 2024,-,-,-,1150.94
NIFTY G-SEC SEP 2027 INDEX,13 Sep 2024,-,-,-,1150.1
NIFTY G-SEC SEP 2027 INDEX,12 Sep 2024,-,-,-,1149.62
NIFTY G-SEC SEP 2027 INDEX,11 Sep 2024,-,-,-,1149.35
NIFTY G-SEC SEP 2027 INDEX,10 Sep 2024,-,-,-,1148.63
NIFTY G-SEC SEP 2027 INDEX,09 Sep 2024,-,-,-,1148.46
NIFTY G-SEC SEP 2027 INDEX,06 Sep 2024,-,-,-,1147.95
NIFTY G-SEC SEP 2027 INDEX,05 Sep 2024,-,-,-,1147.32
NIFTY G-SEC SEP 2027 INDEX,04 Sep 2024,-,-,-,1146.91
NIFTY G-SEC SEP 2027 INDEX,03 Sep 2024,-,-,-,1146.61
NIFTY G-SEC SEP 2027 INDEX,02 Sep 2024,-,-,-,1146.43
NIFTY G-SEC SEP 2027 INDEX,30 Aug 2024,-,-,-,1145.81
NIFTY G-SEC SEP 2027 INDEX,29 Aug 2024,-,-,-,1145.72
NIFTY G-SEC SEP 2027 INDEX,28 Aug 2024,-,-,-,1145.6
NIFTY G-SEC SEP 2027 INDEX,27 Aug 2024,-,-,-,1145.36
NIFTY G-SEC SEP 2027 INDEX,26 Aug 2024,-,-,-,1145.4
NIFTY G-SEC SEP 2027 INDEX,23 Aug 2024,-,-,-,1144.47
NIFTY G-SEC SEP 2027 INDEX,22 Aug 2024,-,-,-,1144.41
NIFTY G-SEC SEP 2027 INDEX,21 Aug 2024,-,-,-,1143.88
NIFTY G-SEC SEP 2027 INDEX,20 Aug 2024,-,-,-,1143.88
NIFTY G-SEC SEP 2027 INDEX,19 Aug 2024,-,-,-,1143.51
NIFTY G-SEC SEP 2027 INDEX,16 Aug 2024,-,-,-,1143.18
NIFTY G-SEC SEP 2027 INDEX,14 Aug 2024,-,-,-,1142.77
NIFTY G-SEC SEP 2027 INDEX,13 Aug 2024,-,-,-,1142.0
NIFTY G-SEC SEP 2027 INDEX,12 Aug 2024,-,-,-,1141.88
NIFTY G-SEC SEP 2027 INDEX,09 Aug 2024,-,-,-,1141.09
NIFTY G-SEC SEP 2027 INDEX,08 Aug 2024,-,-,-,1140.51
NIFTY G-SEC SEP 2027 INDEX,07 Aug 2024,-,-,-,1140.77
NIFTY G-SEC SEP 2027 INDEX,06 Aug 2024,-,-,-,1139.92
NIFTY G-SEC SEP 2027 INDEX,05 Aug 2024,-,-,-,1140.3
NIFTY G-SEC SEP 2027 INDEX,02 Aug 2024,-,-,-,1138.51
NIFTY G-SEC SEP 2027 INDEX,01 Aug 2024,-,-,-,1137.83
NIFTY G-SEC SEP 2027 INDEX,31 Jul 2024,-,-,-,1137.43
NIFTY G-SEC SEP 2027 INDEX,30 Jul 2024,-,-,-,1136.89
NIFTY G-SEC SEP 2027 INDEX,29 Jul 2024,-,-,-,1137.17
NIFTY G-SEC SEP 2027 INDEX,26 Jul 2024,-,-,-,1136.34
NIFTY G-SEC SEP 2027 INDEX,25 Jul 2024,-,-,-,1135.87
NIFTY G-SEC SEP 2027 INDEX,24 Jul 2024,-,-,-,1134.96
NIFTY G-SEC SEP 2027 INDEX,23 Jul 2024,-,-,-,1134.06
NIFTY G-SEC SEP 2027 INDEX,22 Jul 2024,-,-,-,1133.54
NIFTY G-SEC SEP 2027 INDEX,19 Jul 2024,-,-,-,1133.35
NIFTY G-SEC SEP 2027 INDEX,18 Jul 2024,-,-,-,1133.21
NIFTY G-SEC SEP 2027 INDEX,16 Jul 2024,-,-,-,1132.3
NIFTY G-SEC SEP 2027 INDEX,15 Jul 2024,-,-,-,1131.63
NIFTY G-SEC SEP 2027 INDEX,12 Jul 2024,-,-,-,1130.93
NIFTY G-SEC SEP 2027 INDEX,11 Jul 2024,-,-,-,1130.71
NIFTY G-SEC SEP 2027 INDEX,10 Jul 2024,-,-,-,1130.26
NIFTY G-SEC SEP 2027 INDEX,09 Jul 2024,-,-,-,1129.78
NIFTY G-SEC SEP 2027 INDEX,08 Jul 2024,-,-,-,1129.23
NIFTY G-SEC SEP 2027 INDEX,05 Jul 2024,-,-,-,1128.45
NIFTY G-SEC SEP 2027 INDEX,04 Jul 2024,-,-,-,1127.99
NIFTY G-SEC SEP 2027 INDEX,03 Jul 2024,-,-,-,1127.93
NIFTY G-SEC SEP 2027 INDEX,02 Jul 2024,-,-,-,1127.34
NIFTY G-SEC SEP 2027 INDEX,01 Jul 2024,-,-,-,1127.02
NIFTY G-SEC SEP 2027 INDEX,28 Jun 2024,-,-,-,1126.29
NIFTY G-SEC SEP 2027 INDEX,27 Jun 2024,-,-,-,1126.34
NIFTY G-SEC SEP 2027 INDEX,26 Jun 2024,-,-,-,1125.93
NIFTY G-SEC SEP 2027 INDEX,25 Jun 2024,-,-,-,1125.87
NIFTY G-SEC SEP 2027 INDEX,24 Jun 2024,-,-,-,1126.23
NIFTY G-SEC SEP 2027 INDEX,21 Jun 2024,-,-,-,1125.5
NIFTY G-SEC SEP 2027 INDEX,20 Jun 2024,-,-,-,1124.85
NIFTY G-SEC SEP 2027 INDEX,19 Jun 2024,-,-,-,1124.4
NIFTY G-SEC SEP 2027 INDEX,18 Jun 2024,-,-,-,1124.05
NIFTY G-SEC SEP 2027 INDEX,14 Jun 2024,-,-,-,1122.99
NIFTY G-SEC SEP 2027 INDEX,13 Jun 2024,-,-,-,1122.77
NIFTY G-SEC SEP 2027 INDEX,12 Jun 2024,-,-,-,1121.98
NIFTY G-SEC SEP 2027 INDEX,11 Jun 2024,-,-,-,1121.67
NIFTY G-SEC SEP 2027 INDEX,10 Jun 2024,-,-,-,1121.26
NIFTY G-SEC SEP 2027 INDEX,07 Jun 2024,-,-,-,1120.79
NIFTY G-SEC SEP 2027 INDEX,06 Jun 2024,-,-,-,1120.03
NIFTY G-SEC SEP 2027 INDEX,05 Jun 2024,-,-,-,1119.02
NIFTY G-SEC SEP 2027 INDEX,04 Jun 2024,-,-,-,1117.97
NIFTY G-SEC SEP 2027 INDEX,03 Jun 2024,-,-,-,1119.82
NIFTY G-SEC SEP 2027 INDEX,31 May 2024,-,-,-,1118.3
NIFTY G-SEC SEP 2027 INDEX,30 May 2024,-,-,-,1118.41
NIFTY G-SEC SEP 2027 INDEX,29 May 2024,-,-,-,1118.28
NIFTY G-SEC SEP 2027 INDEX,28 May 2024,-,-,-,1118.42
NIFTY G-SEC SEP 2027 INDEX,27 May 2024,-,-,-,1118.35
NIFTY G-SEC SEP 2027 INDEX,24 May 2024,-,-,-,1118.19
NIFTY G-SEC SEP 2027 INDEX,23 May 2024,-,-,-,1117.64
NIFTY G-SEC SEP 2027 INDEX,22 May 2024,-,-,-,1117.42
NIFTY G-SEC SEP 2027 INDEX,21 May 2024,-,-,-,1116.63
NIFTY G-SEC SEP 2027 INDEX,18 May 2024,-,-,-,1114.83
NIFTY G-SEC SEP 2027 INDEX,17 May 2024,-,-,-,1114.61
NIFTY G-SEC SEP 2027 INDEX,16 May 2024,-,-,-,1114.57
NIFTY G-SEC SEP 2027 INDEX,15 May 2024,-,-,-,1113.93
NIFTY G-SEC SEP 2027 INDEX,14 May 2024,-,-,-,1113.35
NIFTY G-SEC SEP 2027 INDEX,13 May 2024,-,-,-,1112.94
NIFTY G-SEC SEP 2027 INDEX,10 May 2024,-,-,-,1111.99
NIFTY G-SEC SEP 2027 INDEX,09 May 2024,-,-,-,1111.68
NIFTY G-SEC SEP 2027 INDEX,08 May 2024,-,-,-,1111.41
NIFTY G-SEC SEP 2027 INDEX,07 May 2024,-,-,-,1111.42
NIFTY G-SEC SEP 2027 INDEX,06 May 2024,-,-,-,1111.44
NIFTY G-SEC SEP 2027 INDEX,03 May 2024,-,-,-,1109.4
NIFTY G-SEC SEP 2027 INDEX,02 May 2024,-,-,-,1108.92
NIFTY G-SEC SEP 2027 INDEX,30 Apr 2024,-,-,-,1107.73
NIFTY G-SEC SEP 2027 INDEX,29 Apr 2024,-,-,-,1107.42
NIFTY G-SEC SEP 2027 INDEX,26 Apr 2024,-,-,-,1106.8
NIFTY G-SEC SEP 2027 INDEX,25 Apr 2024,-,-,-,1106.41
NIFTY G-SEC SEP 2027 INDEX,24 Apr 2024,-,-,-,1106.51
NIFTY G-SEC SEP 2027 INDEX,23 Apr 2024,-,-,-,1106.84
NIFTY G-SEC SEP 2027 INDEX,22 Apr 2024,-,-,-,1105.84
NIFTY G-SEC SEP 2027 INDEX,19 Apr 2024,-,-,-,1104.59
NIFTY G-SEC SEP 2027 INDEX,18 Apr 2024,-,-,-,1105.81
NIFTY G-SEC SEP 2027 INDEX,16 Apr 2024,-,-,-,1105.37
NIFTY G-SEC SEP 2027 INDEX,15 Apr 2024,-,-,-,1105.79
NIFTY G-SEC SEP 2027 INDEX,12 Apr 2024,-,-,-,1105.13
NIFTY G-SEC SEP 2027 INDEX,10 Apr 2024,-,-,-,1106.64
NIFTY G-SEC SEP 2027 INDEX,09 Apr 2024,-,-,-,1105.22
NIFTY G-SEC SEP 2027 INDEX,08 Apr 2024,-,-,-,1105.0
NIFTY G-SEC SEP 2027 INDEX,05 Apr 2024,-,-,-,1105.57
NIFTY G-SEC SEP 2027 INDEX,04 Apr 2024,-,-,-,1105.79
NIFTY G-SEC SEP 2027 INDEX,03 Apr 2024,-,-,-,1105.15
NIFTY G-SEC SEP 2027 INDEX,02 Apr 2024,-,-,-,1105.06
NIFTY G-SEC SEP 2027 INDEX,01 Apr 2024,-,-,-,1105.61
NIFTY G-SEC SEP 2027 INDEX,28 Mar 2024,-,-,-,1104.97
NIFTY G-SEC SEP 2027 INDEX,27 Mar 2024,-,-,-,1103.74
NIFTY G-SEC SEP 2027 INDEX,26 Mar 2024,-,-,-,1103.01
NIFTY G-SEC SEP 2027 INDEX,22 Mar 2024,-,-,-,1102.47
NIFTY G-SEC SEP 2027 INDEX,21 Mar 2024,-,-,-,1102.93
NIFTY G-SEC SEP 2027 INDEX,20 Mar 2024,-,-,-,1101.78
NIFTY G-SEC SEP 2027 INDEX,19 Mar 2024,-,-,-,1101.92
NIFTY G-SEC SEP 2027 INDEX,18 Mar 2024,-,-,-,1101.83
NIFTY G-SEC SEP 2027 INDEX,15 Mar 2024,-,-,-,1101.77
NIFTY G-SEC SEP 2027 INDEX,14 Mar 2024,-,-,-,1101.89
NIFTY G-SEC SEP 2027 INDEX,13 Mar 2024,-,-,-,1101.92
NIFTY G-SEC SEP 2027 INDEX,12 Mar 2024,-,-,-,1101.98
NIFTY G-SEC SEP 2027 INDEX,11 Mar 2024,-,-,-,1101.93
NIFTY G-SEC SEP 2027 INDEX,07 Mar 2024,-,-,-,1100.68
NIFTY G-SEC SEP 2027 INDEX,06 Mar 2024,-,-,-,1100.07
NIFTY G-SEC SEP 2027 INDEX,05 Mar 2024,-,-,-,1099.66
NIFTY G-SEC SEP 2027 INDEX,04 Mar 2024,-,-,-,1099.33
NIFTY G-SEC SEP 2027 INDEX,02 Mar 2024,-,-,-,1099.18
NIFTY G-SEC SEP 2027 INDEX,01 Mar 2024,-,-,-,1098.97
NIFTY G-SEC SEP 2027 INDEX,29 Feb 2024,-,-,-,1098.69
NIFTY G-SEC SEP 2027 INDEX,28 Feb 2024,-,-,-,1098.63
NIFTY G-SEC SEP 2027 INDEX,27 Feb 2024,-,-,-,1098.26
NIFTY G-SEC SEP 2027 INDEX,26 Feb 2024,-,-,-,1098.02
NIFTY G-SEC SEP 2027 INDEX,23 Feb 2024,-,-,-,1097.17
NIFTY G-SEC SEP 2027 INDEX,22 Feb 2024,-,-,-,1097.36
NIFTY G-SEC SEP 2027 INDEX,21 Feb 2024,-,-,-,1097.17
NIFTY G-SEC SEP 2027 INDEX,20 Feb 2024,-,-,-,1096.66
NIFTY G-SEC SEP 2027 INDEX,19 Feb 2024,-,-,-,1096.2
NIFTY G-SEC SEP 2027 INDEX,16 Feb 2024,-,-,-,1095.56
NIFTY G-SEC SEP 2027 INDEX,15 Feb 2024,-,-,-,1095.07
NIFTY G-SEC SEP 2027 INDEX,14 Feb 2024,-,-,-,1094.11
NIFTY G-SEC SEP 2027 INDEX,13 Feb 2024,-,-,-,1094.7
NIFTY G-SEC SEP 2027 INDEX,12 Feb 2024,-,-,-,1094.72
NIFTY G-SEC SEP 2027 INDEX,09 Feb 2024,-,-,-,1093.81
NIFTY G-SEC SEP 2027 INDEX,08 Feb 2024,-,-,-,1095.08
NIFTY G-SEC SEP 2027 INDEX,07 Feb 2024,-,-,-,1095.42
NIFTY G-SEC SEP 2027 INDEX,06 Feb 2024,-,-,-,1095.22
NIFTY G-SEC SEP 2027 INDEX,05 Feb 2024,-,-,-,1094.94
NIFTY G-SEC SEP 2027 INDEX,02 Feb 2024,-,-,-,1095.15
NIFTY G-SEC SEP 2027 INDEX,01 Feb 2024,-,-,-,1093.97
NIFTY G-SEC SEP 2027 INDEX,31 Jan 2024,-,-,-,1093.18
NIFTY G-SEC SEP 2027 INDEX,30 Jan 2024,-,-,-,1092.94
NIFTY G-SEC SEP 2027 INDEX,29 Jan 2024,-,-,-,1092.64
NIFTY G-SEC SEP 2027 INDEX,25 Jan 2024,-,-,-,1091.96
NIFTY G-SEC SEP 2027 INDEX,24 Jan 2024,-,-,-,1091.33
NIFTY G-SEC SEP 2027 INDEX,23 Jan 2024,-,-,-,1091.26
NIFTY G-SEC SEP 2027 INDEX,20 Jan 2024,-,-,-,1090.17
NIFTY G-SEC SEP 2027 INDEX,19 Jan 2024,-,-,-,1089.96
NIFTY G-SEC SEP 2027 INDEX,18 Jan 2024,-,-,-,1089.99
NIFTY G-SEC SEP 2027 INDEX,17 Jan 2024,-,-,-,1090.16
NIFTY G-SEC SEP 2027 INDEX,16 Jan 2024,-,-,-,1090.64
NIFTY G-SEC SEP 2027 INDEX,15 Jan 2024,-,-,-,1090.38
NIFTY G-SEC SEP 2027 INDEX,12 Jan 2024,-,-,-,1088.57
NIFTY G-SEC SEP 2027 INDEX,11 Jan 2024,-,-,-,1088.45
NIFTY G-SEC SEP 2027 INDEX,10 Jan 2024,-,-,-,1088.19
NIFTY G-SEC SEP 2027 INDEX,09 Jan 2024,-,-,-,1087.61
NIFTY G-SEC SEP 2027 INDEX,08 Jan 2024,-,-,-,1087.12
NIFTY G-SEC SEP 2027 INDEX,05 Jan 2024,-,-,-,1085.51
NIFTY G-SEC SEP 2027 INDEX,04 Jan 2024,-,-,-,1085.9
NIFTY G-SEC SEP 2027 INDEX,03 Jan 2024,-,-,-,1085.54
NIFTY G-SEC SEP 2027 INDEX,02 Jan 2024,-,-,-,1085.49
NIFTY G-SEC SEP 2027 INDEX,01 Jan 2024,-,-,-,1085.54
NIFTY G-SEC SEP 2027 INDEX,29 Dec 2023,-,-,-,1085.09
NIFTY G-SEC SEP 2027 INDEX,28 Dec 2023,-,-,-,1083.95
NIFTY G-SEC SEP 2027 INDEX,27 Dec 2023,-,-,-,1083.61
NIFTY G-SEC SEP 2027 INDEX,26 Dec 2023,-,-,-,1084.4
NIFTY G-SEC SEP 2027 INDEX,22 Dec 2023,-,-,-,1083.25
NIFTY G-SEC SEP 2027 INDEX,21 Dec 2023,-,-,-,1082.77
NIFTY G-SEC SEP 2027 INDEX,20 Dec 2023,-,-,-,1083.14
NIFTY G-SEC SEP 2027 INDEX,19 Dec 2023,-,-,-,1082.5
NIFTY G-SEC SEP 2027 INDEX,18 Dec 2023,-,-,-,1083.01
NIFTY G-SEC SEP 2027 INDEX,15 Dec 2023,-,-,-,1082.54
NIFTY G-SEC SEP 2027 INDEX,14 Dec 2023,-,-,-,1080.68
NIFTY G-SEC SEP 2027 INDEX,13 Dec 2023,-,-,-,1077.49
NIFTY G-SEC SEP 2027 INDEX,12 Dec 2023,-,-,-,1076.42
NIFTY G-SEC SEP 2027 INDEX,11 Dec 2023,-,-,-,1076.21
NIFTY G-SEC SEP 2027 INDEX,08 Dec 2023,-,-,-,1075.65
NIFTY G-SEC SEP 2027 INDEX,07 Dec 2023,-,-,-,1076.18
NIFTY G-SEC SEP 2027 INDEX,06 Dec 2023,-,-,-,1075.79
NIFTY G-SEC SEP 2027 INDEX,05 Dec 2023,-,-,-,1075.27
NIFTY G-SEC SEP 2027 INDEX,04 Dec 2023,-,-,-,1074.55
NIFTY G-SEC SEP 2027 INDEX,01 Dec 2023,-,-,-,1073.35
NIFTY G-SEC SEP 2027 INDEX,30 Nov 2023,-,-,-,1073.48
NIFTY G-SEC SEP 2027 INDEX,29 Nov 2023,-,-,-,1073.8
NIFTY G-SEC SEP 2027 INDEX,28 Nov 2023,-,-,-,1072.89
NIFTY G-SEC SEP 2027 INDEX,24 Nov 2023,-,-,-,1071.95
NIFTY G-SEC SEP 2027 INDEX,23 Nov 2023,-,-,-,1072.46
NIFTY G-SEC SEP 2027 INDEX,22 Nov 2023,-,-,-,1072.22
NIFTY G-SEC SEP 2027 INDEX,21 Nov 2023,-,-,-,1071.6
NIFTY G-SEC SEP 2027 INDEX,20 Nov 2023,-,-,-,1071.74
NIFTY G-SEC SEP 2027 INDEX,17 Nov 2023,-,-,-,1072.85
NIFTY G-SEC SEP 2027 INDEX,16 Nov 2023,-,-,-,1072.44
NIFTY G-SEC SEP 2027 INDEX,15 Nov 2023,-,-,-,1072.23
NIFTY G-SEC SEP 2027 INDEX,13 Nov 2023,-,-,-,1069.86
NIFTY G-SEC SEP 2027 INDEX,12 Nov 2023,-,-,-,1069.26
NIFTY G-SEC SEP 2027 INDEX,10 Nov 2023,-,-,-,1068.83
NIFTY G-SEC SEP 2027 INDEX,09 Nov 2023,-,-,-,1069.52
NIFTY G-SEC SEP 2027 INDEX,08 Nov 2023,-,-,-,1069.27
NIFTY G-SEC SEP 2027 INDEX,07 Nov 2023,-,-,-,1068.92
NIFTY G-SEC SEP 2027 INDEX,06 Nov 2023,-,-,-,1067.93
NIFTY G-SEC SEP 2027 INDEX,03 Nov 2023,-,-,-,1066.67
NIFTY G-SEC SEP 2027 INDEX,02 Nov 2023,-,-,-,1066.16
NIFTY G-SEC SEP 2027 INDEX,01 Nov 2023,-,-,-,1064.34
NIFTY G-SEC SEP 2027 INDEX,31 Oct 2023,-,-,-,1064.4
NIFTY G-SEC SEP 2027 INDEX,30 Oct 2023,-,-,-,1063.48
NIFTY G-SEC SEP 2027 INDEX,27 Oct 2023,-,-,-,1063.79
NIFTY G-SEC SEP 2027 INDEX,26 Oct 2023,-,-,-,1062.89
NIFTY G-SEC SEP 2027 INDEX,25 Oct 2023,-,-,-,1063.2
NIFTY G-SEC SEP 2027 INDEX,23 Oct 2023,-,-,-,1061.63
NIFTY G-SEC SEP 2027 INDEX,20 Oct 2023,-,-,-,1061.78
NIFTY G-SEC SEP 2027 INDEX,19 Oct 2023,-,-,-,1061.15
NIFTY G-SEC SEP 2027 INDEX,18 Oct 2023,-,-,-,1061.76
NIFTY G-SEC SEP 2027 INDEX,17 Oct 2023,-,-,-,1062.48
NIFTY G-SEC SEP 2027 INDEX,16 Oct 2023,-,-,-,1061.75
NIFTY G-SEC SEP 2027 INDEX,13 Oct 2023,-,-,-,1061.47
NIFTY G-SEC SEP 2027 INDEX,12 Oct 2023,-,-,-,1061.43
NIFTY G-SEC SEP 2027 INDEX,11 Oct 2023,-,-,-,1060.44
NIFTY G-SEC SEP 2027 INDEX,10 Oct 2023,-,-,-,1058.92
NIFTY G-SEC SEP 2027 INDEX,09 Oct 2023,-,-,-,1057.05
NIFTY G-SEC SEP 2027 INDEX,06 Oct 2023,-,-,-,1058.26
NIFTY G-SEC SEP 2027 INDEX,05 Oct 2023,-,-,-,1062.1
NIFTY G-SEC SEP 2027 INDEX,04 Oct 2023,-,-,-,1061.29
NIFTY G-SEC SEP 2027 INDEX,03 Oct 2023,-,-,-,1061.39
NIFTY G-SEC SEP 2027 INDEX,29 Sep 2023,-,-,-,1061.33
NIFTY G-SEC SEP 2027 INDEX,28 Sep 2023,-,-,-,1060.48
NIFTY G-SEC SEP 2027 INDEX,27 Sep 2023,-,-,-,1062.7
NIFTY G-SEC SEP 2027 INDEX,26 Sep 2023,-,-,-,1062.52
NIFTY G-SEC SEP 2027 INDEX,25 Sep 2023,-,-,-,1062.38
NIFTY G-SEC SEP 2027 INDEX,22 Sep 2023,-,-,-,1061.61
NIFTY G-SEC SEP 2027 INDEX,21 Sep 2023,-,-,-,1062.59
NIFTY G-SEC SEP 2027 INDEX,20 Sep 2023,-,-,-,1061.84
NIFTY G-SEC SEP 2027 INDEX,18 Sep 2023,-,-,-,1061.29
NIFTY G-SEC SEP 2027 INDEX,15 Sep 2023,-,-,-,1060.41
NIFTY G-SEC SEP 2027 INDEX,14 Sep 2023,-,-,-,1062.29
NIFTY G-SEC SEP 2027 INDEX,13 Sep 2023,-,-,-,1060.23
NIFTY G-SEC SEP 2027 INDEX,12 Sep 2023,-,-,-,1057.84
NIFTY G-SEC SEP 2027 INDEX,11 Sep 2023,-,-,-,1057.34
NIFTY G-SEC SEP 2027 INDEX,08 Sep 2023,-,-,-,1058.04
NIFTY G-SEC SEP 2027 INDEX,07 Sep 2023,-,-,-,1058.66
NIFTY G-SEC SEP 2027 INDEX,06 Sep 2023,-,-,-,1058.16
NIFTY G-SEC SEP 2027 INDEX,05 Sep 2023,-,-,-,1057.76
NIFTY G-SEC SEP 2027 INDEX,04 Sep 2023,-,-,-,1057.74
NIFTY G-SEC SEP 2027 INDEX,01 Sep 2023,-,-,-,1057.83
NIFTY G-SEC SEP 2027 INDEX,31 Aug 2023,-,-,-,1057.85
NIFTY G-SEC SEP 2027 INDEX,30 Aug 2023,-,-,-,1056.74
NIFTY G-SEC SEP 2027 INDEX,29 Aug 2023,-,-,-,1056.88
NIFTY G-SEC SEP 2027 INDEX,28 Aug 2023,-,-,-,1056.93
NIFTY G-SEC SEP 2027 INDEX,25 Aug 2023,-,-,-,1055.53
NIFTY G-SEC SEP 2027 INDEX,24 Aug 2023,-,-,-,1056.01
NIFTY G-SEC SEP 2027 INDEX,23 Aug 2023,-,-,-,1055.82
NIFTY G-SEC SEP 2027 INDEX,22 Aug 2023,-,-,-,1054.81
NIFTY G-SEC SEP 2027 INDEX,21 Aug 2023,-,-,-,1054.6
NIFTY G-SEC SEP 2027 INDEX,18 Aug 2023,-,-,-,1053.97
NIFTY G-SEC SEP 2027 INDEX,17 Aug 2023,-,-,-,1052.47
NIFTY G-SEC SEP 2027 INDEX,16 Aug 2023,-,-,-,1053.97
NIFTY G-SEC SEP 2027 INDEX,14 Aug 2023,-,-,-,1053.56
NIFTY G-SEC SEP 2027 INDEX,11 Aug 2023,-,-,-,1053.22
NIFTY G-SEC SEP 2027 INDEX,10 Aug 2023,-,-,-,1054.45
NIFTY G-SEC SEP 2027 INDEX,09 Aug 2023,-,-,-,1053.86
NIFTY G-SEC SEP 2027 INDEX,08 Aug 2023,-,-,-,1053.88
NIFTY G-SEC SEP 2027 INDEX,07 Aug 2023,-,-,-,1052.29
NIFTY G-SEC SEP 2027 INDEX,04 Aug 2023,-,-,-,1051.95
NIFTY G-SEC SEP 2027 INDEX,03 Aug 2023,-,-,-,1051.69
NIFTY G-SEC SEP 2027 INDEX,02 Aug 2023,-,-,-,1053.33
NIFTY G-SEC SEP 2027 INDEX,01 Aug 2023,-,-,-,1053.03
NIFTY G-SEC SEP 2027 INDEX,31 Jul 2023,-,-,-,1051.86
NIFTY G-SEC SEP 2027 INDEX,28 Jul 2023,-,-,-,1051.8
NIFTY G-SEC SEP 2027 INDEX,27 Jul 2023,-,-,-,1052.97
NIFTY G-SEC SEP 2027 INDEX,26 Jul 2023,-,-,-,1053.91
NIFTY G-SEC SEP 2027 INDEX,25 Jul 2023,-,-,-,1053.14
NIFTY G-SEC SEP 2027 INDEX,24 Jul 2023,-,-,-,1054.17
NIFTY G-SEC SEP 2027 INDEX,21 Jul 2023,-,-,-,1053.05
NIFTY G-SEC SEP 2027 INDEX,20 Jul 2023,-,-,-,1053.4
NIFTY G-SEC SEP 2027 INDEX,19 Jul 2023,-,-,-,1053.72
NIFTY G-SEC SEP 2027 INDEX,18 Jul 2023,-,-,-,1054.31
NIFTY G-SEC SEP 2027 INDEX,17 Jul 2023,-,-,-,1052.92
NIFTY G-SEC SEP 2027 INDEX,14 Jul 2023,-,-,-,1051.94
NIFTY G-SEC SEP 2027 INDEX,13 Jul 2023,-,-,-,1051.97
NIFTY G-SEC SEP 2027 INDEX,12 Jul 2023,-,-,-,1049.82
NIFTY G-SEC SEP 2027 INDEX,11 Jul 2023,-,-,-,1050.66
NIFTY G-SEC SEP 2027 INDEX,10 Jul 2023,-,-,-,1048.8
NIFTY G-SEC SEP 2027 INDEX,07 Jul 2023,-,-,-,1047.81
NIFTY G-SEC SEP 2027 INDEX,06 Jul 2023,-,-,-,1048.37
NIFTY G-SEC SEP 2027 INDEX,05 Jul 2023,-,-,-,1049.64
NIFTY G-SEC SEP 2027 INDEX,04 Jul 2023,-,-,-,1048.69
NIFTY G-SEC SEP 2027 INDEX,03 Jul 2023,-,-,-,1048.85
NIFTY G-SEC SEP 2027 INDEX,30 Jun 2023,-,-,-,1048.59
NIFTY G-SEC SEP 2027 INDEX,28 Jun 2023,-,-,-,1050.38
NIFTY G-SEC SEP 2027 INDEX,27 Jun 2023,-,-,-,1050.38
NIFTY G-SEC SEP 2027 INDEX,26 Jun 2023,-,-,-,1049.87
NIFTY G-SEC SEP 2027 INDEX,23 Jun 2023,-,-,-,1048.83
NIFTY G-SEC SEP 2027 INDEX,22 Jun 2023,-,-,-,1048.75
NIFTY G-SEC SEP 2027 INDEX,21 Jun 2023,-,-,-,1049.66
NIFTY G-SEC SEP 2027 INDEX,20 Jun 2023,-,-,-,1049.78
NIFTY G-SEC SEP 2027 INDEX,19 Jun 2023,-,-,-,1049.43
NIFTY G-SEC SEP 2027 INDEX,16 Jun 2023,-,-,-,1049.56
NIFTY G-SEC SEP 2027 INDEX,15 Jun 2023,-,-,-,1048.76
NIFTY G-SEC SEP 2027 INDEX,14 Jun 2023,-,-,-,1049.44
NIFTY G-SEC SEP 2027 INDEX,13 Jun 2023,-,-,-,1049.86
NIFTY G-SEC SEP 2027 INDEX,12 Jun 2023,-,-,-,1049.24
NIFTY G-SEC SEP 2027 INDEX,09 Jun 2023,-,-,-,1047.74
NIFTY G-SEC SEP 2027 INDEX,08 Jun 2023,-,-,-,1047.69
NIFTY G-SEC SEP 2027 INDEX,07 Jun 2023,-,-,-,1049.49
NIFTY G-SEC SEP 2027 INDEX,06 Jun 2023,-,-,-,1049.69
NIFTY G-SEC SEP 2027 INDEX,05 Jun 2023,-,-,-,1049.0
NIFTY G-SEC SEP 2027 INDEX,02 Jun 2023,-,-,-,1049.42
NIFTY G-SEC SEP 2027 INDEX,01 Jun 2023,-,-,-,1048.88
NIFTY G-SEC SEP 2027 INDEX,31 May 2023,-,-,-,1048.21
NIFTY G-SEC SEP 2027 INDEX,30 May 2023,-,-,-,1046.97
NIFTY G-SEC SEP 2027 INDEX,29 May 2023,-,-,-,1046.59
NIFTY G-SEC SEP 2027 INDEX,26 May 2023,-,-,-,1046.77
NIFTY G-SEC SEP 2027 INDEX,25 May 2023,-,-,-,1046.5
NIFTY G-SEC SEP 2027 INDEX,24 May 2023,-,-,-,1047.06
NIFTY G-SEC SEP 2027 INDEX,23 May 2023,-,-,-,1046.62
NIFTY G-SEC SEP 2027 INDEX,22 May 2023,-,-,-,1048.15
NIFTY G-SEC SEP 2027 INDEX,19 May 2023,-,-,-,1045.32
NIFTY G-SEC SEP 2027 INDEX,18 May 2023,-,-,-,1045.7
NIFTY G-SEC SEP 2027 INDEX,17 May 2023,-,-,-,1045.95
NIFTY G-SEC SEP 2027 INDEX,16 May 2023,-,-,-,1045.19
NIFTY G-SEC SEP 2027 INDEX,15 May 2023,-,-,-,1043.85
NIFTY G-SEC SEP 2027 INDEX,12 May 2023,-,-,-,1043.28
NIFTY G-SEC SEP 2027 INDEX,11 May 2023,-,-,-,1042.42
NIFTY G-SEC SEP 2027 INDEX,10 May 2023,-,-,-,1041.91
NIFTY G-SEC SEP 2027 INDEX,09 May 2023,-,-,-,1041.76
NIFTY G-SEC SEP 2027 INDEX,08 May 2023,-,-,-,1041.53
NIFTY G-SEC SEP 2027 INDEX,05 May 2023,-,-,-,1042.23
NIFTY G-SEC SEP 2027 INDEX,04 May 2023,-,-,-,1042.04
NIFTY G-SEC SEP 2027 INDEX,03 May 2023,-,-,-,1042.39
NIFTY G-SEC SEP 2027 INDEX,02 May 2023,-,-,-,1039.9
NIFTY G-SEC SEP 2027 INDEX,28 Apr 2023,-,-,-,1039.32
NIFTY G-SEC SEP 2027 INDEX,27 Apr 2023,-,-,-,1039.87
NIFTY G-SEC SEP 2027 INDEX,26 Apr 2023,-,-,-,1039.22
NIFTY G-SEC SEP 2027 INDEX,25 Apr 2023,-,-,-,1038.71
NIFTY G-SEC SEP 2027 INDEX,24 Apr 2023,-,-,-,1038.68
NIFTY G-SEC SEP 2027 INDEX,21 Apr 2023,-,-,-,1037.67
NIFTY G-SEC SEP 2027 INDEX,20 Apr 2023,-,-,-,1036.61
NIFTY G-SEC SEP 2027 INDEX,19 Apr 2023,-,-,-,1035.7
NIFTY G-SEC SEP 2027 INDEX,18 Apr 2023,-,-,-,1035.65
NIFTY G-SEC SEP 2027 INDEX,17 Apr 2023,-,-,-,1033.93
NIFTY G-SEC SEP 2027 INDEX,13 Apr 2023,-,-,-,1034.18
NIFTY G-SEC SEP 2027 INDEX,12 Apr 2023,-,-,-,1034.66
NIFTY G-SEC SEP 2027 INDEX,11 Apr 2023,-,-,-,1033.79
NIFTY G-SEC SEP 2027 INDEX,10 Apr 2023,-,-,-,1034.09
NIFTY G-SEC SEP 2027 INDEX,06 Apr 2023,-,-,-,1033.21
NIFTY G-SEC SEP 2027 INDEX,05 Apr 2023,-,-,-,1029.01
NIFTY G-SEC SEP 2027 INDEX,03 Apr 2023,-,-,-,1027.13
NIFTY G-SEC SEP 2027 INDEX,31 Mar 2023,-,-,-,1026.91
NIFTY G-SEC SEP 2027 INDEX,29 Mar 2023,-,-,-,1026.89
NIFTY G-SEC SEP 2027 INDEX,28 Mar 2023,-,-,-,1025.63
NIFTY G-SEC SEP 2027 INDEX,27 Mar 2023,-,-,-,1026.73
NIFTY G-SEC SEP 2027 INDEX,24 Mar 2023,-,-,-,1026.57
NIFTY G-SEC SEP 2027 INDEX,23 Mar 2023,-,-,-,1024.57
NIFTY G-SEC SEP 2027 INDEX,22 Mar 2023,-,-,-,1023.65
NIFTY G-SEC SEP 2027 INDEX,21 Mar 2023,-,-,-,1023.44
NIFTY G-SEC SEP 2027 INDEX,20 Mar 2023,-,-,-,1024.41
NIFTY G-SEC SEP 2027 INDEX,17 Mar 2023,-,-,-,1022.31
NIFTY G-SEC SEP 2027 INDEX,16 Mar 2023,-,-,-,1021.36
NIFTY G-SEC SEP 2027 INDEX,15 Mar 2023,-,-,-,1020.89
NIFTY G-SEC SEP 2027 INDEX,14 Mar 2023,-,-,-,1020.34
NIFTY G-SEC SEP 2027 INDEX,13 Mar 2023,-,-,-,1019.97
NIFTY G-SEC SEP 2027 INDEX,10 Mar 2023,-,-,-,1015.32
NIFTY G-SEC SEP 2027 INDEX,09 Mar 2023,-,-,-,1014.1
NIFTY G-SEC SEP 2027 INDEX,08 Mar 2023,-,-,-,1013.17
NIFTY G-SEC SEP 2027 INDEX,06 Mar 2023,-,-,-,1014.68
NIFTY G-SEC SEP 2027 INDEX,03 Mar 2023,-,-,-,1014.16
NIFTY G-SEC SEP 2027 INDEX,02 Mar 2023,-,-,-,1012.71
NIFTY G-SEC SEP 2027 INDEX,01 Mar 2023,-,-,-,1012.82
NIFTY G-SEC SEP 2027 INDEX,28 Feb 2023,-,-,-,1011.89
NIFTY G-SEC SEP 2027 INDEX,27 Feb 2023,-,-,-,1011.23
NIFTY G-SEC SEP 2027 INDEX,24 Feb 2023,-,-,-,1011.98
NIFTY G-SEC SEP 2027 INDEX,23 Feb 2023,-,-,-,1012.32
NIFTY G-SEC SEP 2027 INDEX,22 Feb 2023,-,-,-,1011.36
NIFTY G-SEC SEP 2027 INDEX,21 Feb 2023,-,-,-,1012.73
NIFTY G-SEC SEP 2027 INDEX,20 Feb 2023,-,-,-,1013.42
NIFTY G-SEC SEP 2027 INDEX,17 Feb 2023,-,-,-,1012.25
NIFTY G-SEC SEP 2027 INDEX,16 Feb 2023,-,-,-,1013.96
NIFTY G-SEC SEP 2027 INDEX,15 Feb 2023,-,-,-,1013.61
NIFTY G-SEC SEP 2027 INDEX,14 Feb 2023,-,-,-,1012.65
NIFTY G-SEC SEP 2027 INDEX,13 Feb 2023,-,-,-,1013.27
NIFTY G-SEC SEP 2027 INDEX,10 Feb 2023,-,-,-,1013.27
NIFTY G-SEC SEP 2027 INDEX,09 Feb 2023,-,-,-,1013.76
NIFTY G-SEC SEP 2027 INDEX,08 Feb 2023,-,-,-,1014.18
NIFTY G-SEC SEP 2027 INDEX,07 Feb 2023,-,-,-,1016.92
NIFTY G-SEC SEP 2027 INDEX,06 Feb 2023,-,-,-,1016.48
NIFTY G-SEC SEP 2027 INDEX,03 Feb 2023,-,-,-,1017.52
NIFTY G-SEC SEP 2027 INDEX,02 Feb 2023,-,-,-,1017.02
NIFTY G-SEC SEP 2027 INDEX,01 Feb 2023,-,-,-,1017.22
NIFTY G-SEC SEP 2027 INDEX,31 Jan 2023,-,-,-,1013.19
NIFTY G-SEC SEP 2027 INDEX,30 Jan 2023,-,-,-,1011.7
NIFTY G-SEC SEP 2027 INDEX,27 Jan 2023,-,-,-,1012.92
NIFTY G-SEC SEP 2027 INDEX,25 Jan 2023,-,-,-,1014.76
NIFTY G-SEC SEP 2027 INDEX,24 Jan 2023,-,-,-,1014.44
NIFTY G-SEC SEP 2027 INDEX,23 Jan 2023,-,-,-,1014.3
NIFTY G-SEC SEP 2027 INDEX,20 Jan 2023,-,-,-,1013.35
NIFTY G-SEC SEP 2027 INDEX,19 Jan 2023,-,-,-,1015.24
NIFTY G-SEC SEP 2027 INDEX,18 Jan 2023,-,-,-,1013.22
NIFTY G-SEC SEP 2027 INDEX,17 Jan 2023,-,-,-,1012.36
NIFTY G-SEC SEP 2027 INDEX,16 Jan 2023,-,-,-,1012.61
NIFTY G-SEC SEP 2027 INDEX,13 Jan 2023,-,-,-,1013.55
NIFTY G-SEC SEP 2027 INDEX,12 Jan 2023,-,-,-,1012.54
NIFTY G-SEC SEP 2027 INDEX,11 Jan 2023,-,-,-,1011.89
NIFTY G-SEC SEP 2027 INDEX,10 Jan 2023,-,-,-,1010.79
NIFTY G-SEC SEP 2027 INDEX,09 Jan 2023,-,-,-,1009.16
NIFTY G-SEC SEP 2027 INDEX,06 Jan 2023,-,-,-,1006.62
NIFTY G-SEC SEP 2027 INDEX,05 Jan 2023,-,-,-,1007.89
NIFTY G-SEC SEP 2027 INDEX,04 Jan 2023,-,-,-,1007.73
NIFTY G-SEC SEP 2027 INDEX,03 Jan 2023,-,-,-,1007.27
NIFTY G-SEC SEP 2027 INDEX,02 Jan 2023,-,-,-,1006.84
NIFTY G-SEC SEP 2027 INDEX,30 Dec 2022,-,-,-,1007.02
NIFTY G-SEC SEP 2027 INDEX,29 Dec 2022,-,-,-,1006.96
NIFTY G-SEC SEP 2027 INDEX,27 Dec 2022,-,-,-,1006.74
NIFTY G-SEC SEP 2027 INDEX,26 Dec 2022,-,-,-,1005.97
NIFTY G-SEC SEP 2027 INDEX,23 Dec 2022,-,-,-,1005.91
NIFTY G-SEC SEP 2027 INDEX,22 Dec 2022,-,-,-,1006.48
NIFTY G-SEC SEP 2027 INDEX,21 Dec 2022,-,-,-,1007.37
NIFTY G-SEC SEP 2027 INDEX,20 Dec 2022,-,-,-,1006.58
NIFTY G-SEC SEP 2027 INDEX,19 Dec 2022,-,-,-,1007.38
NIFTY G-SEC SEP 2027 INDEX,16 Dec 2022,-,-,-,1007.48
NIFTY G-SEC SEP 2027 INDEX,15 Dec 2022,-,-,-,1007.78
NIFTY G-SEC SEP 2027 INDEX,14 Dec 2022,-,-,-,1008.45
NIFTY G-SEC SEP 2027 INDEX,13 Dec 2022,-,-,-,1007.23
NIFTY G-SEC SEP 2027 INDEX,12 Dec 2022,-,-,-,1005.73
NIFTY G-SEC SEP 2027 INDEX,09 Dec 2022,-,-,-,1004.52
NIFTY G-SEC SEP 2027 INDEX,08 Dec 2022,-,-,-,1005.0
NIFTY G-SEC SEP 2027 INDEX,07 Dec 2022,-,-,-,1005.3
NIFTY G-SEC SEP 2027 INDEX,06 Dec 2022,-,-,-,1006.65
NIFTY G-SEC SEP 2027 INDEX,05 Dec 2022,-,-,-,1007.25
NIFTY G-SEC SEP 2027 INDEX,02 Dec 2022,-,-,-,1007.22
NIFTY G-SEC SEP 2027 INDEX,01 Dec 2022,-,-,-,1007.2
NIFTY G-SEC SEP 2027 INDEX,30 Nov 2022,-,-,-,1004.39
NIFTY G-SEC SEP 2027 INDEX,29 Nov 2022,-,-,-,1004.34
NIFTY G-SEC SEP 2027 INDEX,28 Nov 2022,-,-,-,1004.7
NIFTY G-SEC SEP 2027 INDEX,25 Nov 2022,-,-,-,1003.13
NIFTY G-SEC SEP 2027 INDEX,24 Nov 2022,-,-,-,1003.94
NIFTY G-SEC SEP 2027 INDEX,23 Nov 2022,-,-,-,1001.8
NIFTY G-SEC SEP 2027 INDEX,22 Nov 2022,-,-,-,1001.72
NIFTY G-SEC SEP 2027 INDEX,21 Nov 2022,-,-,-,1000.53
NIFTY G-SEC SEP 2027 INDEX,18 Nov 2022,-,-,-,1001.0
NIFTY G-SEC SEP 2027 INDEX,17 Nov 2022,-,-,-,1001.93
NIFTY G-SEC SEP 2027 INDEX,16 Nov 2022,-,-,-,1001.69
NIFTY G-SEC SEP 2027 INDEX,15 Nov 2022,-,-,-,1001.51
NIFTY G-SEC SEP 2027 INDEX,14 Nov 2022,-,-,-,1000.0
